,TEAM,POS,CUSH,SEP,TAY,TAY%,REC,TAR,CTCH%,YDS,TD,YAC/R,xYAC/R,+/-,week
,BAL,WR,5.1,5.3,10.4,54.34,7,9,77.78,143,1,13.1,15.8,-2.8,1
,LAR,WR,7.2,3,7.9,39.67,10,11,90.91,130,0,5.2,3.2,2,1
,SEA,WR,6.3,3.5,12.8,90.98,9,13,69.23,124,0,4.1,6.4,-2.4,1
,BUF,WR,7.7,3.7,13.1,34,8,11,72.73,112,1,2.3,3.6,-1.3,1
,DAL,WR,6.3,2.3,13.3,51.54,7,13,53.85,110,0,6.3,5,1.3,1
,SF,WR,5.4,1.5,19.8,54.26,4,7,57.14,108,0,4.8,3.9,0.9,1
,LV,TE,5.7,2.7,9.5,21.89,5,8,62.5,103,0,11,9.4,1.5,1
,NE,WR,3.1,1.9,17.1,38.15,6,8,75,103,0,0.9,1.3,-0.4,1
,KC,WR,6.4,3.4,6.7,40.37,10,16,62.5,99,0,4.2,6.3,-2.1,1
,LV,WR,7.6,3,7.8,22.48,8,10,80,97,0,5.4,2.7,2.7,1
,NYJ,WR,7.8,3.8,10.6,57.98,7,9,77.78,95,1,2.7,3.3,-0.6,1
,PIT,WR,4.4,3.2,3.2,18.3,4,7,57.14,83,0,18.1,7.5,10.6,1
,IND,WR,5.3,3.1,6,24.44,6,8,75,80,1,5.2,5.1,0.1,1
,DET,TE,7.4,3.7,5.1,27.32,6,9,66.67,79,0,7.8,5.7,2.1,1
,LAC,WR,4.4,2.4,13.2,28.43,5,7,71.43,79,2,7.9,5.8,2.1,1
,WAS,WR,7.2,3.6,7.1,26.33,7,10,70,77,0,5.8,6,-0.1,1
,NO,TE,7.1,3.5,7.3,27.61,8,11,72.73,76,0,4.4,5.8,-1.4,1
,IND,TE,5.4,3,5.6,25.73,7,9,77.78,76,0,5.5,4.6,0.9,1
,LAC,WR,5.9,3.9,10.5,29.17,6,9,66.67,74,0,2.6,3.5,-1,1
,AZ,WR,4.6,2.8,12.7,49.64,5,6,83.33,71,1,3.7,3.7,0,1
,NYG,WR,4.4,2.4,11.4,74.26,5,12,41.67,71,0,5.2,3.5,1.7,1
,PIT,WR,7.3,2.6,13.7,66.54,4,6,66.67,70,1,5.7,5.4,0.3,1
,CAR,WR,5.5,2.3,15.3,47.46,5,9,55.56,68,0,2.4,2.4,0.1,1
,LAC,WR,5.2,3.5,8.9,27.49,7,10,70,68,1,2.8,3.1,-0.3,1
,TB,WR,9,2.6,12.4,24.36,4,6,66.67,67,2,4.3,6.8,-2.5,1
,NE,TE,5.6,2.9,13.8,30.72,4,8,50,66,0,5,5,0,1
,CLE,WR,3.2,2.8,11.4,42.25,5,8,62.5,66,0,2.7,1.8,0.9,1
,BUF,WR,7.7,3.5,10.2,21.78,6,9,66.67,64,0,3.7,3.3,0.4,1
,CLE,TE,9.9,3.1,5.8,24.15,7,9,77.78,63,0,4.6,4.8,-0.2,1
,BUF,WR,8,2.4,13.4,28.57,5,9,55.56,61,0,2.4,2.1,0.3,1
,DEN,WR,6.8,2,11.5,46.36,6,9,66.67,61,1,1.3,1.1,0.1,1
,AZ,TE,5.4,3.6,3.9,23.13,6,9,66.67,61,0,7.2,7.7,-0.4,1
,ATL,TE,4.3,3.9,4.4,11.49,7,8,87.5,59,0,5.9,7.5,-1.6,1
,CHI,WR,6,3.5,17.6,34.07,3,5,60,57,0,4.2,1.3,2.9,1
,NE,WR,3.6,3.4,7.8,15.22,6,7,85.71,57,0,3.6,1.4,2.2,1
,KC,WR,6.4,3.3,5.7,10.78,5,5,100,55,0,5.3,3,2.3,1
,NYG,WR,6,3.9,3.3,14.17,6,8,75,55,0,6.4,5.2,1.2,1
,ATL,WR,4.9,1.8,6.2,30.28,8,15,53.33,55,0,2.1,1.7,0.4,1
,NO,WR,7.4,2.5,7.8,34.93,7,13,53.85,54,0,2.1,3.5,-1.4,1
,CLE,WR,6.3,2.6,8.7,32.09,5,8,62.5,52,1,2.4,2.8,-0.4,1
,LAR,WR,6.8,1.6,8.5,31.32,4,8,50,51,0,2.5,1.6,0.9,1
,TB,WR,5,1.8,13,33.97,5,8,62.5,51,0,0.8,2.1,-1.3,1
,ATL,WR,4.1,1.8,13.5,22.01,3,5,60,51,0,7.7,2.4,5.3,1
,DET,WR,4.9,2.7,9.9,35.06,4,6,66.67,45,0,1.4,3.7,-2.3,1
,GB,WR,4.4,5.8,12.3,27.8,3,5,60,45,1,6,5,1.1,1
,PHI,TE,8.2,3.6,4.5,35.02,7,7,100,44,0,1.8,3.1,-1.4,1
,MIN,WR,7.5,2.9,10.6,43.25,4,7,57.14,44,1,2.5,1.2,1.3,1
,DEN,WR,5.2,2.1,8.3,22.34,4,6,66.67,44,0,6.5,2.6,4,1
,CHI,WR,5.1,4.9,7.6,20.59,4,7,57.14,42,0,5.8,5.3,0.6,1
,MIA,WR,5.3,3.8,13.5,38.67,4,6,66.67,40,0,1.3,1.3,0,1
,TB,WR,7.4,1.9,13.6,26.7,3,6,50,39,0,3.2,3.5,-0.3,1
,CLE,TE,6.9,2.2,6.2,17.17,3,6,50,37,0,8.3,5.3,3.1,1
,CHI,WR,6.3,3.8,8.1,28.27,6,9,66.67,37,1,0.1,1.5,-1.4,1
,JAX,WR,8.1,3.1,6.8,25.93,6,8,75,33,0,3.8,4.8,-0.9,1
,ATL,WR,7,1.6,15.8,30.8,3,6,50,33,0,0.4,1.8,-1.4,1
,NO,WR,5.9,1.9,8.5,26.09,6,9,66.67,33,0,1.1,1.7,-0.6,1
,MIA,WR,6,3.6,4,9.64,4,5,80,30,0,3.6,3.5,0.1,1
,HOU,TE,6.4,6,5.9,17.4,3,5,60,28,0,4.6,5,-0.4,1
,TEN,WR,8.7,4.6,8.3,24.41,4,8,50,27,0,3.3,4,-0.8,1
,WAS,TE,6.3,2.5,8.3,15.24,3,5,60,26,1,2,2,0,1
,CIN,WR,6.1,1.5,16.3,50.39,2,5,40,26,0,8.3,4.2,4.1,1
,CIN,TE,4.7,4.8,1.4,4.47,4,5,80,26,1,5.1,4.2,0.8,1
,HOU,WR,5,2.5,6.8,20.15,3,5,60,25,0,3.2,3.7,-0.5,1
,DET,WR,8,3.7,5.6,16.42,4,5,80,23,0,2.1,1.9,0.2,1
,DAL,TE,3.7,3.4,5.3,9.53,5,6,83.33,23,0,2,1.7,0.3,1
,MIA,WR,5.8,3.7,8.4,20.15,2,5,40,20,0,14,6.5,7.5,1
,SF,WR,4.9,3.6,8.6,16.77,2,5,40,16,0,7.5,5.8,1.7,1
,PIT,TE,5.2,4.3,-0.1,-0.68,5,6,83.33,15,1,5.7,7.5,-1.8,1
,TEN,WR,5.6,1.6,18.4,47.5,2,7,28.57,13,0,0,0.4,-0.3,1
,JAX,WR,7,3.2,11.6,38.71,1,7,14.29,11,0,0.5,2.1,-1.6,1
,CAR,WR,6.1,1.8,11.1,22.9,2,6,33.33,11,0,0.3,1.1,-0.8,1
,CAR,WR,7.5,3.4,9.7,23.34,3,7,42.86,10,0,-0.9,2.3,-3.3,1
,NE,WR,4.8,2.3,7,13.68,2,7,28.57,-2,1,-0.4,0.5,-0.9,1
Zay Flowers,,,,,,,,,,,,,,,1
Puka Nacua,,,,,,,,,,,,,,,1
Jaxon Smith-Njigba,,,,,,,,,,,,,,,1
Keon Coleman,,,,,,,,,,,,,,,1
CeeDee Lamb,,,,,,,,,,,,,,,1
Ricky Pearsall,,,,,,,,,,,,,,,1
Brock Bowers,,,,,,,,,,,,,,,1
Kayshon Boutte,,,,,,,,,,,,,,,1
Marquise Brown,,,,,,,,,,,,,,,1
Jakobi Meyers,,,,,,,,,,,,,,,1
Garrett Wilson,,,,,,,,,,,,,,,1
DK Metcalf,,,,,,,,,,,,,,,1
Michael Pittman,,,,,,,,,,,,,,,1
Sam LaPorta,,,,,,,,,,,,,,,1
Quentin Johnston,,,,,,,,,,,,,,,1
Deebo Samuel Sr.,,,,,,,,,,,,,,,1
Juwan Johnson,,,,,,,,,,,,,,,1
Tyler Warren,,,,,,,,,,,,,,,1
Ladd McConkey,,,,,,,,,,,,,,,1
Marvin Harrison Jr.,,,,,,,,,,,,,,,1
Malik Nabers,,,,,,,,,,,,,,,1
Calvin Austin III,,,,,,,,,,,,,,,1
Tetairoa McMillan,,,,,,,,,,,,,,,1
Keenan Allen,,,,,,,,,,,,,,,1
Emeka Egbuka,,,,,,,,,,,,,,,1
Hunter Henry,,,,,,,,,,,,,,,1
Jerry Jeudy,,,,,,,,,,,,,,,1
Khalil Shakir,,,,,,,,,,,,,,,1
Harold Fannin Jr.,,,,,,,,,,,,,,,1
Josh Palmer,,,,,,,,,,,,,,,1
Courtland Sutton,,,,,,,,,,,,,,,1
Trey McBride,,,,,,,,,,,,,,,1
Kyle Pitts,,,,,,,,,,,,,,,1
DJ Moore,,,,,,,,,,,,,,,1
Stefon Diggs,,,,,,,,,,,,,,,1
JuJu Smith-Schuster,,,,,,,,,,,,,,,1
Wan'Dale Robinson,,,,,,,,,,,,,,,1
Drake London,,,,,,,,,,,,,,,1
Chris Olave,,,,,,,,,,,,,,,1
Cedric Tillman,,,,,,,,,,,,,,,1
Davante Adams,,,,,,,,,,,,,,,1
Mike Evans,,,,,,,,,,,,,,,1
Ray-Ray McCloud,,,,,,,,,,,,,,,1
Amon-Ra St. Brown,,,,,,,,,,,,,,,1
Jayden Reed,,,,,,,,,,,,,,,1
Dallas Goedert,,,,,,,,,,,,,,,1
Justin Jefferson,,,,,,,,,,,,,,,1
Troy Franklin,,,,,,,,,,,,,,,1
Olamide Zaccheaus,,,,,,,,,,,,,,,1
Tyreek Hill,,,,,,,,,,,,,,,1
Sterling Shepard,,,,,,,,,,,,,,,1
David Njoku,,,,,,,,,,,,,,,1
Rome Odunze,,,,,,,,,,,,,,,1
Travis Hunter,,,,,,,,,,,,,,,1
Casey Washington,,,,,,,,,,,,,,,1
Rashid Shaheed,,,,,,,,,,,,,,,1
Jaylen Waddle,,,,,,,,,,,,,,,1
Dalton Schultz,,,,,,,,,,,,,,,1
Calvin Ridley,,,,,,,,,,,,,,,1
Zach Ertz,,,,,,,,,,,,,,,1
Ja'Marr Chase,,,,,,,,,,,,,,,1
Noah Fant,,,,,,,,,,,,,,,1
Nico Collins,,,,,,,,,,,,,,,1
Jameson Williams,,,,,,,,,,,,,,,1
Jake Ferguson,,,,,,,,,,,,,,,1
Malik Washington,,,,,,,,,,,,,,,1
Jauan Jennings,,,,,,,,,,,,,,,1
Jonnu Smith,,,,,,,,,,,,,,,1
Elic Ayomanor,,,,,,,,,,,,,,,1
Brian Thomas Jr.,,,,,,,,,,,,,,,1
Hunter Renfrow,,,,,,,,,,,,,,,1
Xavier Legette,,,,,,,,,,,,,,,1
DeMario Douglas,,,,,,,,,,,,,,,1
,NYG,WR,7,2.4,20.9,53.47,9,13,69.23,167,2,2.2,2.3,-0.1,2
,CIN,WR,7.2,3.6,7,32.23,14,16,87.5,165,1,6.4,3.8,2.5,2
,NYG,WR,6.3,3.4,16.1,31.56,8,10,80,142,1,4.3,2.6,1.6,2
,CHI,WR,6.2,2.4,17.8,62.32,7,11,63.64,128,2,5.6,4.5,1.1,2
,GB,TE,4.1,3.9,8.3,14.84,6,7,85.71,124,1,12.3,9.3,2.9,2
,DET,WR,5.4,2.3,8.8,36.79,9,11,81.82,115,3,4.9,4.2,0.7,2
,DAL,WR,5.2,2.2,10.9,33.38,9,11,81.82,112,0,2,2.9,-0.9,2
,MIA,WR,6,2.7,16.9,47.56,6,7,85.71,109,0,1.9,1.8,0.2,2
,LAR,WR,4.2,1.9,12,57.85,6,13,46.15,106,1,5.6,4.1,1.5,2
,SEA,WR,6.1,3.4,8.7,33.79,8,10,80,103,0,3.9,4.8,-0.8,2
,CAR,WR,4.6,2.4,10.7,26.44,6,10,60,100,0,7.5,6,1.5,2
,LAR,WR,5.7,3,7.6,25.39,8,9,88.89,91,0,4.7,3.8,0.9,2
,SEA,WR,7.4,3.8,8.9,31.2,7,9,77.78,90,0,5.7,3.4,2.3,2
,DEN,WR,6.9,4.3,6.3,38.35,8,9,88.89,89,1,6.4,7,-0.5,2
,SF,WR,4.5,2.4,9.1,36.46,5,10,50,89,1,10.3,6.4,3.9,2
,MIN,WR,5,3.8,17.3,41.53,3,6,50,81,0,7.4,7.4,0,2
,IND,TE,6.2,2.9,7,15.12,4,7,57.14,79,0,13.7,12.6,1.1,2
,DAL,TE,5.2,3.6,6,19.9,9,12,75,78,0,3.3,3.9,-0.6,2
,AZ,TE,3.8,3,9,33.48,6,7,85.71,78,0,3.4,3.9,-0.5,2
,JAX,WR,6.8,3.3,5.4,8.57,5,5,100,76,0,9.8,4.6,5.2,2
,BAL,WR,5.9,2.9,11.8,43.38,7,11,63.64,75,0,3.4,2.7,0.6,2
,LAC,WR,3.2,2.7,16,44.55,3,7,42.86,71,1,6.7,6,0.7,2
,DAL,WR,6.2,2.2,12.7,31.94,5,9,55.56,68,1,5,2.7,2.3,2
,LV,WR,5.7,3.2,9.1,33.99,6,12,50,68,0,8.1,5.7,2.4,2
,MIA,WR,5.7,3.1,17.1,41.23,5,6,83.33,68,1,1.4,1.8,-0.5,2
,IND,WR,3.6,1.1,15.8,24.38,4,5,80,68,0,1.5,1.9,-0.3,2
,WAS,TE,7.4,2.7,5.9,16.73,6,8,75,64,1,4.2,3.4,0.8,2
,LAC,WR,5.4,3.6,9.8,27.24,5,7,71.43,61,1,4,2.1,1.9,2
,KC,TE,3.8,2.1,5.6,11.85,4,6,66.67,61,0,9.7,8.6,1.1,2
,KC,WR,7.9,4,32.1,56.78,2,5,40,59,1,2,1.1,1,2
,TEN,WR,7.4,3.5,11.6,31.25,3,6,50,57,0,9.1,10.7,-1.6,2
,JAX,WR,5.3,3.4,9.7,21.47,5,7,71.43,57,1,3,2.1,0.8,2
,SF,WR,7.8,1.3,15.2,36.68,4,6,66.67,56,0,0.1,0.9,-0.8,2
,TEN,WR,5.2,1.5,11.6,31.18,4,6,66.67,56,1,3.4,2.5,0.9,2
,TB,WR,4.4,1.8,13.7,55.27,5,11,45.45,56,0,2.1,2.1,0,2
,CIN,WR,3.2,0.8,12.3,28.16,3,8,37.5,56,1,6.2,2.3,3.9,2
,CAR,TE,8.9,3.8,6.7,14.78,7,9,77.78,54,0,2.8,1.9,0.9,2
,NO,WR,7.1,3.3,12.4,50.53,6,10,60,54,0,1,2.7,-1.7,2
,PHI,WR,7.2,3.3,14.9,64.47,4,6,66.67,53,0,5.1,6.7,-1.6,2
,NO,WR,5.2,3.4,10.8,21.98,4,5,80,52,1,4.1,4.6,-0.5,2
,HOU,WR,3.6,1.4,12.3,55.5,3,9,33.33,52,1,3,2.2,0.8,2
,CLE,WR,6.6,1.9,13,39.21,4,8,50,51,0,2,2,-0.1,2
,IND,WR,5,1.6,8.1,20.08,6,8,75,51,0,2,2,0.1,2
,NYJ,WR,5.1,5.5,9.7,48.62,4,8,50,50,0,2.6,4.1,-1.4,2
,NO,TE,6.5,3.7,5.7,20.83,5,9,55.56,49,1,6,5.7,0.3,2
,JAX,WR,4.1,2.7,14.1,53.07,4,12,33.33,49,0,0.9,3,-2.1,2
,CAR,WR,9.9,1.9,12.3,15.19,3,5,60,48,0,3.9,2.3,1.6,2
,LAC,WR,8.9,5.7,6.6,13.06,5,5,100,48,0,3,3.3,-0.3,2
,WAS,WR,7.1,2.3,11.9,37.98,5,9,55.56,48,0,2.7,1.4,1.3,2
,CAR,WR,6.8,3.1,7.7,17.16,7,9,77.78,48,2,1.8,2.3,-0.5,2
,CLE,TE,4.2,3.2,5.3,10.03,5,5,100,48,0,4.3,3.2,1.1,2
,CHI,WR,5.2,3.8,5.4,10.25,5,6,83.33,46,0,3.4,4.8,-1.4,2
,WAS,WR,8.8,6.2,0.8,2.34,7,8,87.5,44,1,8.2,6.5,1.7,2
,GB,WR,7.1,1.3,20.1,30.77,4,6,66.67,44,0,-0.6,0.8,-1.3,2
,CLE,TE,8.8,1.7,9.1,17.24,4,5,80,40,0,3.5,2.4,1.1,2
,IND,WR,3.7,1.5,6.8,10.51,4,5,80,40,0,2.4,2.2,0.2,2
,LV,TE,4.9,3.3,8.6,21.43,5,8,62.5,38,0,3.6,4.2,-0.6,2
,BUF,TE,4.8,2.8,5,21.51,4,6,66.67,37,0,7.7,5.1,2.5,2
,ATL,TE,4.7,1.9,6.5,23.19,4,5,80,37,0,1.8,2.5,-0.7,2
,TEN,TE,4.7,3.4,2.4,6.46,4,6,66.67,35,0,6.2,5.8,0.4,2
,NYG,TE,6.4,2.8,7.3,7.16,4,5,80,34,0,2.6,4.6,-2,2
,NE,WR,6.4,3.1,6.7,24.21,4,5,80,32,0,3.1,2.7,0.4,2
,MIN,WR,7.9,2.5,16.8,33.71,3,5,60,31,0,0.1,0.7,-0.6,2
,SF,TE,3.6,5.2,1.1,2.25,4,5,80,31,0,6.9,6.3,0.6,2
,KC,WR,7.2,2.1,3.9,6.86,5,5,100,30,0,2.1,1.4,0.7,2
,TB,WR,7.6,3,11.3,28.88,4,7,57.14,29,1,8.9,8.4,0.5,2
,GB,WR,4.4,2.9,16.5,21,3,5,60,28,1,5.5,6.1,-0.5,2
,AZ,WR,7.3,1.8,8.9,23.59,2,5,40,27,0,6.1,2.9,3.2,2
,PHI,WR,3.6,2,7.4,42.59,5,8,62.5,27,0,0.9,1.5,-0.6,2
,CLE,WR,7.5,1.3,10.6,28.04,2,7,28.57,22,1,-0.7,0.1,-0.8,2
,JAX,WR,6.6,3.9,5.4,10.22,3,6,50,22,0,7.6,8.6,-1,2
,PIT,WR,4.1,1.1,7.4,21.39,3,6,50,20,1,1.7,1.5,0.2,2
,BUF,TE,3.6,5.3,4.3,15.55,2,5,40,19,0,8.4,8.6,-0.2,2
,JAX,TE,9.9,3.8,4.9,7.73,3,5,60,17,0,2.5,4.8,-2.3,2
,LV,WR,8.5,1.6,8.8,21.87,3,8,37.5,12,0,2.6,3.5,-0.9,2
,CIN,WR,4.7,1.8,11.7,16.78,1,5,20,12,0,0.8,1.4,-0.6,2
,CHI,WR,3.8,1.8,8.4,13.36,2,5,40,12,0,1.6,1.9,-0.3,2
,KC,TE,5.2,2.7,8.5,15.02,1,5,20,1,0,3.2,3.8,-0.6,2
,TEN,WR,7,3.8,8.9,19.92,2,5,40,-1,0,2,4.1,-2.1,2
,CAR,WR,7.5,2.2,8.8,17.44,1,8,12.5,-2,0,1.3,3.7,-2.4,2
Malik Nabers,,,,,,,,,,,,,,,2
Ja'Marr Chase,,,,,,,,,,,,,,,2
Wan'Dale Robinson,,,,,,,,,,,,,,,2
Rome Odunze,,,,,,,,,,,,,,,2
Tucker Kraft,,,,,,,,,,,,,,,2
Amon-Ra St. Brown,,,,,,,,,,,,,,,2
CeeDee Lamb,,,,,,,,,,,,,,,2
Tyreek Hill,,,,,,,,,,,,,,,2
Davante Adams,,,,,,,,,,,,,,,2
Jaxon Smith-Njigba,,,,,,,,,,,,,,,2
Tetairoa McMillan,,,,,,,,,,,,,,,2
Puka Nacua,,,,,,,,,,,,,,,2
Cooper Kupp,,,,,,,,,,,,,,,2
Troy Franklin,,,,,,,,,,,,,,,2
Jauan Jennings,,,,,,,,,,,,,,,2
Justin Jefferson,,,,,,,,,,,,,,,2
Tyler Warren,,,,,,,,,,,,,,,2
Jake Ferguson,,,,,,,,,,,,,,,2
Trey McBride,,,,,,,,,,,,,,,2
Parker Washington,,,,,,,,,,,,,,,2
Zay Flowers,,,,,,,,,,,,,,,2
Quentin Johnston,,,,,,,,,,,,,,,2
George Pickens,,,,,,,,,,,,,,,2
Jakobi Meyers,,,,,,,,,,,,,,,2
Jaylen Waddle,,,,,,,,,,,,,,,2
Alec Pierce,,,,,,,,,,,,,,,2
Zach Ertz,,,,,,,,,,,,,,,2
Keenan Allen,,,,,,,,,,,,,,,2
Travis Kelce,,,,,,,,,,,,,,,2
Tyquan Thornton,,,,,,,,,,,,,,,2
Calvin Ridley,,,,,,,,,,,,,,,2
Dyami Brown,,,,,,,,,,,,,,,2
Ricky Pearsall,,,,,,,,,,,,,,,2
Elic Ayomanor,,,,,,,,,,,,,,,2
Mike Evans,,,,,,,,,,,,,,,2
Tee Higgins,,,,,,,,,,,,,,,2
Ja'Tavion Sanders,,,,,,,,,,,,,,,2
Chris Olave,,,,,,,,,,,,,,,2
DeVonta Smith,,,,,,,,,,,,,,,2
Rashid Shaheed,,,,,,,,,,,,,,,2
Nico Collins,,,,,,,,,,,,,,,2
Jerry Jeudy,,,,,,,,,,,,,,,2
Josh Downs,,,,,,,,,,,,,,,2
Garrett Wilson,,,,,,,,,,,,,,,2
Juwan Johnson,,,,,,,,,,,,,,,2
Brian Thomas Jr.,,,,,,,,,,,,,,,2
Brycen Tremayne,,,,,,,,,,,,,,,2
Ladd McConkey,,,,,,,,,,,,,,,2
Terry McLaurin,,,,,,,,,,,,,,,2
Hunter Renfrow,,,,,,,,,,,,,,,2
Harold Fannin Jr.,,,,,,,,,,,,,,,2
DJ Moore,,,,,,,,,,,,,,,2
Deebo Samuel Sr.,,,,,,,,,,,,,,,2
Dontayvion Wicks,,,,,,,,,,,,,,,2
David Njoku,,,,,,,,,,,,,,,2
Michael Pittman,,,,,,,,,,,,,,,2
Brock Bowers,,,,,,,,,,,,,,,2
Dalton Kincaid,,,,,,,,,,,,,,,2
Kyle Pitts,,,,,,,,,,,,,,,2
Chig Okonkwo,,,,,,,,,,,,,,,2
Theo Johnson,,,,,,,,,,,,,,,2
Stefon Diggs,,,,,,,,,,,,,,,2
Jalen Nailor,,,,,,,,,,,,,,,2
Jake Tonges,,,,,,,,,,,,,,,2
Marquise Brown,,,,,,,,,,,,,,,2
Emeka Egbuka,,,,,,,,,,,,,,,2
Romeo Doubs,,,,,,,,,,,,,,,2
Marvin Harrison Jr.,,,,,,,,,,,,,,,2
A.J. Brown,,,,,,,,,,,,,,,2
Cedric Tillman,,,,,,,,,,,,,,,2
Travis Hunter,,,,,,,,,,,,,,,2
DK Metcalf,,,,,,,,,,,,,,,2
Dawson Knox,,,,,,,,,,,,,,,2
Brenton Strange,,,,,,,,,,,,,,,2
Tre Tucker,,,,,,,,,,,,,,,2
Andrei Iosivas,,,,,,,,,,,,,,,2
Olamide Zaccheaus,,,,,,,,,,,,,,,2
Noah Gray,,,,,,,,,,,,,,,2
Chimere Dike,,,,,,,,,,,,,,,2
Xavier Legette,,,,,,,,,,,,,,,2
,LV,WR,8.2,4.2,13.4,42.73,8,9,88.89,145,3,5,5.7,-0.7,3
,DEN,WR,7,3.4,17.8,60.86,6,8,75,118,1,5.7,4.5,1.2,3
,SF,WR,5.1,1.8,14.8,57.62,8,11,72.73,117,0,1.1,1.6,-0.5,3
,LAR,WR,6.8,2.5,7.8,44.02,11,15,73.33,112,0,3.9,2.8,1.1,3
,PHI,WR,7.3,1.4,12,47.82,6,10,60,109,1,5.6,1.1,4.5,3
,HOU,WR,9.1,3.9,11.7,46.95,8,11,72.73,104,1,4.8,3.8,1,3
,SEA,WR,6.3,3.6,13.6,44.6,5,6,83.33,96,1,5.3,3.5,1.8,3
,BAL,TE,4.4,3.6,10.3,21.48,6,6,100,91,2,4.8,4.9,-0.1,3
,NE,TE,5.9,2.8,8.2,40.19,8,11,72.73,90,2,4.2,4,0.2,3
,LAC,WR,4.9,3,12.2,28.87,6,9,66.67,89,0,7.8,3.4,4.4,3
,TB,WR,4.9,2.8,10.9,33.47,6,8,75,85,0,3.7,2.8,1,3
,NYJ,WR,5.1,2.2,6.6,46.41,10,13,76.92,84,1,3.2,3.3,-0.1,3
,DAL,TE,6.4,3.6,3.5,18.7,13,14,92.86,82,0,3.7,3.7,0,3
,TB,WR,5.3,3.9,9.3,17.87,4,5,80,80,0,12.5,5.4,7.1,3
,DET,WR,4.6,2.3,9.4,37.93,7,8,87.5,77,1,2.7,3.1,-0.4,3
,MIN,WR,5,3.4,6.9,26.32,5,7,71.43,75,0,9,4.5,4.4,3
,IND,WR,5.6,4.3,4.5,14.99,6,6,100,73,1,7.7,4.6,3.1,3
,KC,WR,6.1,2.9,18,53.71,5,9,55.56,71,1,3.4,3.4,0.1,3
,DAL,WR,4,2.7,8.3,28.61,5,9,55.56,68,1,4.9,3.6,1.3,3
,IND,WR,5.4,2.6,19.5,54.52,4,5,80,67,0,2,2,0,3
,TEN,TE,5.8,4.6,6.1,17.49,5,6,83.33,66,0,9,6.8,2.2,3
,BUF,TE,2.8,4.1,7.1,49.75,5,6,83.33,66,1,9.1,6.8,2.3,3
,LAC,WR,8.5,1.4,10.4,30.04,7,11,63.64,65,1,1,1.2,-0.2,3
,BAL,WR,3.9,2.3,13.5,32.71,5,7,71.43,63,1,0.4,1,-0.6,3
,CHI,WR,7,4.1,11.2,32.77,3,7,42.86,62,1,8.7,6.1,2.6,3
,JAX,TE,7.5,4.1,5.2,12.46,6,7,85.71,61,0,4.9,3.7,1.2,3
,PHI,WR,6.5,2.5,8,28.61,8,9,88.89,60,1,0.2,1.4,-1.1,3
,NO,WR,7.9,3.7,7.6,30.11,10,14,71.43,57,0,2.6,4.1,-1.5,3
,LAR,WR,7.2,1.3,16.4,49.45,3,8,37.5,56,1,0,0.3,-0.3,3
,JAX,WR,7.8,2.1,10,20.69,2,6,33.33,55,0,16.5,17,-0.5,3
,ATL,WR,6.6,3.2,10.4,28.52,5,8,62.5,55,0,3.2,2.6,0.6,3
,NO,TE,4.7,5.3,4,9.09,6,8,75,51,0,4.7,5,-0.2,3
,CIN,WR,6.6,3,4.5,22.6,5,6,83.33,50,0,5.2,5.6,-0.4,3
,MIN,TE,6.5,3.1,7.5,24.61,5,6,83.33,49,1,3.9,2.2,1.6,3
,MIA,WR,3.9,3.6,14.3,78.63,5,10,50,49,1,3.4,2.8,0.6,3
,CAR,WR,3.7,1.8,11,63.59,3,8,37.5,48,0,5.2,6.2,-1,3
,LAC,TE,5,1.9,9,16.66,5,7,71.43,46,0,1.6,1.5,0.1,3
,ATL,WR,6.4,3.2,11.7,43.83,4,11,36.36,44,0,2.6,3.5,-0.9,3
,AZ,WR,5,4,12.2,40.89,3,6,50,44,0,2.7,2.4,0.3,3
,AZ,TE,5.3,2.3,5.2,23.12,5,8,62.5,43,1,5.5,7.2,-1.7,3
,NO,WR,7.1,3.5,12.3,21.02,4,6,66.67,42,0,1.7,2.7,-1,3
,KC,WR,5.5,2.3,13.2,26.27,4,6,66.67,42,0,3.9,5.4,-1.5,3
,LAC,WR,4.2,1.6,7,12.89,4,7,57.14,41,0,5,2.8,2.2,3
,CLE,TE,5.6,2.3,3.2,9.56,5,7,71.43,40,0,5.6,4.3,1.3,3
,HOU,TE,8.1,3.1,7.2,15.78,5,6,83.33,39,0,2.5,1.9,0.6,3
,MIA,WR,5.6,2.7,3.8,12.5,5,6,83.33,39,1,4.2,4.4,-0.2,3
,ATL,TE,3.1,5.8,4.6,9.34,4,6,66.67,39,0,6.4,5.3,1.1,3
,IND,TE,7.7,4,1.6,4.54,3,5,60,38,0,13.4,9,4.4,3
,LV,TE,6.8,3.9,6,10.59,4,5,80,38,0,5.6,2.8,2.7,3
,SF,WR,5.9,1.9,7.3,15.62,4,6,66.67,38,0,4.2,3.1,1.1,3
,TEN,WR,4.8,1.7,7.8,18.63,4,5,80,38,1,1.9,1.6,0.3,3
,MIN,WR,5.2,3,12,32.69,3,5,60,37,0,4.3,3.6,0.7,3
,JAX,WR,8.9,2.6,11.5,43.53,4,11,36.36,34,0,3.5,1.9,1.7,3
,PIT,WR,4.6,1.6,13.6,66.91,3,5,60,34,1,1.5,1.6,-0.1,3
,TB,WR,5.4,1.4,10.3,35.6,4,9,44.44,33,1,1.7,2,-0.2,3
,TEN,WR,4.3,2.2,15.2,50.87,1,7,14.29,27,0,9.3,3.1,6.2,3
,KC,TE,3.9,3.2,4.3,9.96,4,7,57.14,26,0,5.3,4.2,1.2,3
,CIN,TE,2.9,5.5,1.8,7.36,5,5,100,26,0,3.9,4.5,-0.6,3
,HOU,WR,6.1,3.1,12.7,37.06,3,8,37.5,25,0,6.9,6.5,0.4,3
,NO,WR,5.8,3.3,15.1,21.4,3,5,60,24,0,0.4,0.7,-0.3,3
,DAL,WR,5.1,2.1,7.9,18.33,3,6,50,24,0,2.7,1.9,0.8,3
,CHI,WR,6.7,4.9,7.9,16.58,4,5,80,21,1,2,3.2,-1.1,3
,ATL,WR,9.4,5.9,7.3,12.5,2,5,40,20,0,10.7,7.8,2.9,3
,NYJ,TE,5.1,3.4,3.6,11.65,4,6,66.67,18,0,2.8,4.3,-1.4,3
,KC,TE,6.9,1.9,3.6,7.19,3,6,50,17,0,4.3,2.9,1.3,3
,CLE,WR,4.8,1.1,16.8,36.25,1,5,20,17,0,0.1,0.5,-0.4,3
,NYG,WR,6.1,2.1,26.2,61.29,2,7,28.57,13,0,2.4,3.4,-1,3
,MIA,WR,5.7,6.1,4.1,11.25,3,5,60,12,0,5.6,8.3,-2.6,3
,NE,WR,6.9,6.9,4.6,10.37,2,5,40,7,0,0,1.8,-1.8,3
Tre Tucker,,,,,,,,,,,,,,,3
Courtland Sutton,,,,,,,,,,,,,,,3
Ricky Pearsall,,,,,,,,,,,,,,,3
Puka Nacua,,,,,,,,,,,,,,,3
A.J. Brown,,,,,,,,,,,,,,,3
Nico Collins,,,,,,,,,,,,,,,3
Jaxon Smith-Njigba,,,,,,,,,,,,,,,3
Mark Andrews,,,,,,,,,,,,,,,3
Hunter Henry,,,,,,,,,,,,,,,3
Quentin Johnston,,,,,,,,,,,,,,,3
Emeka Egbuka,,,,,,,,,,,,,,,3
Garrett Wilson,,,,,,,,,,,,,,,3
Jake Ferguson,,,,,,,,,,,,,,,3
Sterling Shepard,,,,,,,,,,,,,,,3
Amon-Ra St. Brown,,,,,,,,,,,,,,,3
Justin Jefferson,,,,,,,,,,,,,,,3
Michael Pittman,,,,,,,,,,,,,,,3
Tyquan Thornton,,,,,,,,,,,,,,,3
George Pickens,,,,,,,,,,,,,,,3
Alec Pierce,,,,,,,,,,,,,,,3
Chig Okonkwo,,,,,,,,,,,,,,,3
Dalton Kincaid,,,,,,,,,,,,,,,3
Keenan Allen,,,,,,,,,,,,,,,3
Rashod Bateman,,,,,,,,,,,,,,,3
Rome Odunze,,,,,,,,,,,,,,,3
Brenton Strange,,,,,,,,,,,,,,,3
DeVonta Smith,,,,,,,,,,,,,,,3
Chris Olave,,,,,,,,,,,,,,,3
Davante Adams,,,,,,,,,,,,,,,3
Brian Thomas Jr.,,,,,,,,,,,,,,,3
Drake London,,,,,,,,,,,,,,,3
Juwan Johnson,,,,,,,,,,,,,,,3
Ja'Marr Chase,,,,,,,,,,,,,,,3
T.J. Hockenson,,,,,,,,,,,,,,,3
Tyreek Hill,,,,,,,,,,,,,,,3
Tetairoa McMillan,,,,,,,,,,,,,,,3
Oronde Gadsden II,,,,,,,,,,,,,,,3
Darnell Mooney,,,,,,,,,,,,,,,3
Marvin Harrison Jr.,,,,,,,,,,,,,,,3
Trey McBride,,,,,,,,,,,,,,,3
Rashid Shaheed,,,,,,,,,,,,,,,3
Marquise Brown,,,,,,,,,,,,,,,3
Ladd McConkey,,,,,,,,,,,,,,,3
David Njoku,,,,,,,,,,,,,,,3
Dalton Schultz,,,,,,,,,,,,,,,3
Jaylen Waddle,,,,,,,,,,,,,,,3
Kyle Pitts,,,,,,,,,,,,,,,3
Tyler Warren,,,,,,,,,,,,,,,3
Brock Bowers,,,,,,,,,,,,,,,3
Kendrick Bourne,,,,,,,,,,,,,,,3
Elic Ayomanor,,,,,,,,,,,,,,,3
Jalen Nailor,,,,,,,,,,,,,,,3
Parker Washington,,,,,,,,,,,,,,,3
Calvin Austin III,,,,,,,,,,,,,,,3
Mike Evans,,,,,,,,,,,,,,,3
Calvin Ridley,,,,,,,,,,,,,,,3
Travis Kelce,,,,,,,,,,,,,,,3
Noah Fant,,,,,,,,,,,,,,,3
Christian Kirk,,,,,,,,,,,,,,,3
Brandin Cooks,,,,,,,,,,,,,,,3
Jalen Tolbert,,,,,,,,,,,,,,,3
DJ Moore,,,,,,,,,,,,,,,3
Ray-Ray McCloud,,,,,,,,,,,,,,,3
Mason Taylor,,,,,,,,,,,,,,,3
Noah Gray,,,,,,,,,,,,,,,3
Jerry Jeudy,,,,,,,,,,,,,,,3
Malik Nabers,,,,,,,,,,,,,,,3
Malik Washington,,,,,,,,,,,,,,,3
DeMario Douglas,,,,,,,,,,,,,,,3
,LAR,WR,5.6,2.8,10.8,49.25,13,15,86.67,170,1,4.5,4.2,0.2,4
,DAL,WR,5.5,2.1,14.6,49.3,8,11,72.73,134,2,3.9,3.6,0.3,4
,MIN,WR,5.9,4.3,11.7,37.39,10,11,90.91,126,0,3.5,5.8,-2.3,4
,PIT,WR,3.2,3.6,5.6,45.32,5,5,100,126,1,19.6,8,11.6,4
,MIN,WR,6.7,2.7,13.9,32.44,4,8,50,114,0,15.8,9.1,6.7,4
,ATL,WR,5.9,2.9,11.9,45.3,8,10,80,110,1,2.6,2.7,-0.1,4
,NE,WR,6.8,3.8,12.8,64.3,6,7,85.71,101,0,5,3.8,1.2,4
,TB,WR,5.3,1.2,14.7,45.24,4,10,40,101,1,10,2.5,7.5,4
,LAC,WR,6.5,2,11.3,59.28,8,13,61.54,98,1,1.7,2.8,-1.1,4
,KC,WR,6.1,2.5,16.1,51.69,5,8,62.5,83,0,7.4,8.6,-1.2,4
,NYJ,WR,7.7,3.2,9.9,39.55,6,8,75,82,1,4,1.6,2.4,4
,DEN,WR,4.1,3.2,7.8,17.84,5,6,83.33,81,1,8.6,7.2,1.4,4
,SEA,WR,6.8,1.8,14.6,32.73,4,5,80,79,0,2.3,1.8,0.5,4
,HOU,WR,4.5,3.7,12,41.36,4,6,66.67,79,0,8.5,6.7,1.9,4
,BAL,WR,4.5,2.3,7.3,40.58,7,8,87.5,74,0,2.5,3.2,-0.8,4
,WAS,WR,5.9,2.7,11.9,23.28,6,6,100,72,1,0.8,1.7,-0.9,4
,IND,TE,6.2,3.5,9.1,18.56,5,6,83.33,70,0,4.4,2.2,2.2,4
,DET,WR,6.2,5,5,11.78,7,7,100,70,2,5,4.9,0,4
,ATL,TE,3.8,3.4,8,15.27,5,5,100,70,1,6,6.6,-0.6,4
,DEN,WR,8.6,5.3,2.8,6.32,6,6,100,69,0,8.7,6.2,2.5,4
,BUF,WR,5.8,3.9,1.1,2.72,5,5,100,69,1,12.7,4.5,8.1,4
,CHI,WR,5.7,3.3,14,45.72,4,8,50,69,1,6.7,4.5,2.2,4
,MIA,WR,7.3,4.3,7,32.6,6,6,100,67,0,4.1,6.1,-1.9,4
,AZ,WR,3.9,2.7,9.6,43.5,6,10,60,66,1,3,3.1,-0.1,4
,NYJ,TE,5.8,3.6,7.6,26.57,5,7,71.43,65,0,4.4,5.6,-1.2,4
,CAR,WR,4.7,3.4,12.5,52.57,4,8,50,62,0,6.5,7.8,-1.3,4
,DAL,WR,9.1,4,18.4,33.94,4,6,66.67,61,0,2.6,2.3,0.3,4
,GB,WR,6.1,2.1,11,44.19,6,8,75,58,3,2.4,2.6,-0.2,4
,GB,WR,6,4.2,11.3,33.91,5,6,83.33,58,0,2.7,3.9,-1.2,4
,SF,TE,5.8,3.1,9.8,17.24,3,5,60,58,1,10,8.7,1.3,4
,CLE,WR,4.3,2.2,13.1,23.92,3,6,50,58,0,3.7,3.2,0.5,4
,GB,TE,6.7,4,0.1,0.22,5,5,100,56,0,11.1,8.2,2.9,4
,LAR,WR,5.6,2.4,12.4,22.72,4,6,66.67,56,1,2.1,3.4,-1.3,4
,DEN,WR,6.4,3.9,13.7,41.77,4,8,50,55,0,6.8,6.5,0.3,4
,AZ,TE,4.4,2.4,7.1,35.52,7,11,63.64,52,0,1.6,1.3,0.3,4
,JAX,WR,6.7,3,9.9,36.07,5,7,71.43,49,0,1.5,1.6,-0.1,4
,KC,TE,5.9,3.1,2.8,5.64,5,5,100,48,0,6.8,7.9,-1.1,4
,CLE,WR,4.6,1.3,16.4,44.83,3,9,33.33,48,0,3,2.8,0.3,4
,MIA,WR,2.6,3.7,7.2,33.44,3,6,50,48,0,7.2,6.6,0.6,4
,NO,WR,5.2,3.6,11.4,41.39,4,5,80,47,0,1.1,2.7,-1.6,4
,SF,WR,7.7,2.3,12.9,22.82,4,5,80,46,0,1,2.1,-1.1,4
,CHI,TE,6.7,3.5,11.5,42.13,3,9,33.33,46,0,7.1,5.1,2,4
,LV,TE,6.1,4.2,2.2,14.02,5,6,83.33,46,0,8.6,6.4,2.2,4
,JAX,TE,6,3.5,3.8,13.97,6,7,85.71,45,0,3.9,4.5,-0.6,4
,TEN,WR,3.9,1.9,13.7,51.03,2,7,28.57,44,0,3,1.4,1.6,4
,JAX,WR,6.1,2.8,9.6,24.85,3,5,60,42,0,3,3.5,-0.5,4
,CAR,TE,5.1,2.7,6.1,25.47,5,8,62.5,42,1,5.3,3.5,1.7,4
,IND,WR,6.5,1.8,14.9,50.85,5,10,50,41,1,2.8,4,-1.1,4
,CHI,WR,6,3.7,5,12.19,5,6,83.33,41,0,3.1,3.3,-0.2,4
,DAL,TE,5.5,3.6,3.1,6.63,7,7,100,40,1,3,2.1,0.9,4
,DET,WR,4.8,2.9,26.2,70.47,2,8,25,40,0,9.7,5.8,4,4
,MIN,TE,6.1,3.6,4.4,6.38,4,5,80,39,0,5.9,5.2,0.7,4
,CHI,WR,10.2,6,1.6,3.32,4,5,80,38,0,5,4.1,0.9,4
,KC,WR,7.1,2.8,8.1,16.27,3,5,60,38,1,4.4,5.1,-0.7,4
,LAC,WR,5.7,1.5,4.7,13.3,5,7,71.43,37,0,1.6,1.9,-0.4,4
,KC,WR,6.5,2.5,7,16.97,4,6,66.67,36,1,6.6,5.8,0.8,4
,AZ,WR,7.4,5.6,-1.6,-3.54,4,5,80,35,0,10.1,7.8,2.3,4
,CIN,WR,4.4,1.7,13.9,48.55,3,6,50,32,0,1.8,1.1,0.7,4
,BAL,TE,6.9,3.3,5.1,28.09,7,8,87.5,30,0,0.8,2,-1.2,4
,LV,WR,5.6,3.2,8.2,60.2,4,7,57.14,30,0,4.2,3.9,0.3,4
,HOU,TE,3.6,3.1,7.2,24.89,5,6,83.33,30,0,1.2,1.7,-0.4,4
,DEN,TE,8.2,5,7.8,20.88,4,7,57.14,29,0,6.3,7,-0.7,4
,TB,WR,7.6,1.5,15.2,46.64,3,10,30,26,0,0.9,1.2,-0.3,4
,SEA,WR,7.5,2.8,3.4,7.69,4,5,80,26,0,4.7,4.3,0.4,4
,LAR,TE,5.6,3.8,8.3,12.58,2,5,40,25,0,5.1,4.3,0.8,4
,IND,WR,8.1,2.5,4.3,7.3,4,5,80,24,0,1.6,1.7,-0.1,4
,CLE,TE,4.3,1.3,11.4,20.86,2,6,33.33,24,0,2.9,2.5,0.3,4
,CIN,WR,6.1,2.5,6.3,29.41,5,8,62.5,23,0,2.7,3,-0.3,4
,NO,WR,7.2,4,6.1,26.81,3,6,50,20,1,0.4,0.4,0,4
,NYG,TE,6.5,2.8,7.4,28.02,3,5,60,17,1,3.7,3.7,0,4
,AZ,WR,5.5,2.3,7.4,20.01,3,6,50,15,0,2.5,2.7,-0.2,4
,NYG,WR,9.4,3.3,1,3.83,3,5,60,14,0,8.1,7.7,0.4,4
,LAC,WR,5.1,3.7,7.7,18.65,1,6,16.67,11,0,5,2.1,2.9,4
,PHI,WR,6.6,1.6,13.2,72.94,2,9,22.22,7,0,2.5,2.4,0.1,4
Puka Nacua,,,,,,,,,,,,,,,4
George Pickens,,,,,,,,,,,,,,,4
Justin Jefferson,,,,,,,,,,,,,,,4
DK Metcalf,,,,,,,,,,,,,,,4
Jordan Addison,,,,,,,,,,,,,,,4
Drake London,,,,,,,,,,,,,,,4
Stefon Diggs,,,,,,,,,,,,,,,4
Emeka Egbuka,,,,,,,,,,,,,,,4
Quentin Johnston,,,,,,,,,,,,,,,4
Xavier Worthy,,,,,,,,,,,,,,,4
Garrett Wilson,,,,,,,,,,,,,,,4
Courtland Sutton,,,,,,,,,,,,,,,4
Jaxon Smith-Njigba,,,,,,,,,,,,,,,4
Nico Collins,,,,,,,,,,,,,,,4
Zay Flowers,,,,,,,,,,,,,,,4
Deebo Samuel Sr.,,,,,,,,,,,,,,,4
Tyler Warren,,,,,,,,,,,,,,,4
Amon-Ra St. Brown,,,,,,,,,,,,,,,4
Kyle Pitts,,,,,,,,,,,,,,,4
Marvin Mims Jr.,,,,,,,,,,,,,,,4
Khalil Shakir,,,,,,,,,,,,,,,4
Rome Odunze,,,,,,,,,,,,,,,4
Tyreek Hill,,,,,,,,,,,,,,,4
Marvin Harrison Jr.,,,,,,,,,,,,,,,4
Mason Taylor,,,,,,,,,,,,,,,4
Tetairoa McMillan,,,,,,,,,,,,,,,4
Jalen Tolbert,,,,,,,,,,,,,,,4
Romeo Doubs,,,,,,,,,,,,,,,4
Matthew Golden,,,,,,,,,,,,,,,4
Jake Tonges,,,,,,,,,,,,,,,4
Isaiah Bond,,,,,,,,,,,,,,,4
Tucker Kraft,,,,,,,,,,,,,,,4
Davante Adams,,,,,,,,,,,,,,,4
Troy Franklin,,,,,,,,,,,,,,,4
Trey McBride,,,,,,,,,,,,,,,4
Brian Thomas Jr.,,,,,,,,,,,,,,,4
Travis Kelce,,,,,,,,,,,,,,,4
Jerry Jeudy,,,,,,,,,,,,,,,4
Jaylen Waddle,,,,,,,,,,,,,,,4
Rashid Shaheed,,,,,,,,,,,,,,,4
Ricky Pearsall,,,,,,,,,,,,,,,4
Cole Kmet,,,,,,,,,,,,,,,4
Brock Bowers,,,,,,,,,,,,,,,4
Brenton Strange,,,,,,,,,,,,,,,4
Elic Ayomanor,,,,,,,,,,,,,,,4
Travis Hunter,,,,,,,,,,,,,,,4
Tommy Tremble,,,,,,,,,,,,,,,4
Michael Pittman,,,,,,,,,,,,,,,4
Olamide Zaccheaus,,,,,,,,,,,,,,,4
Jake Ferguson,,,,,,,,,,,,,,,4
Jameson Williams,,,,,,,,,,,,,,,4
T.J. Hockenson,,,,,,,,,,,,,,,4
DJ Moore,,,,,,,,,,,,,,,4
Marquise Brown,,,,,,,,,,,,,,,4
Keenan Allen,,,,,,,,,,,,,,,4
JuJu Smith-Schuster,,,,,,,,,,,,,,,4
Greg Dortch,,,,,,,,,,,,,,,4
Tee Higgins,,,,,,,,,,,,,,,4
Mark Andrews,,,,,,,,,,,,,,,4
Jakobi Meyers,,,,,,,,,,,,,,,4
Dalton Schultz,,,,,,,,,,,,,,,4
Evan Engram,,,,,,,,,,,,,,,4
Chris Godwin Jr.,,,,,,,,,,,,,,,4
Cooper Kupp,,,,,,,,,,,,,,,4
Tyler Higbee,,,,,,,,,,,,,,,4
Josh Downs,,,,,,,,,,,,,,,4
Harold Fannin Jr.,,,,,,,,,,,,,,,4
Ja'Marr Chase,,,,,,,,,,,,,,,4
Chris Olave,,,,,,,,,,,,,,,4
Theo Johnson,,,,,,,,,,,,,,,4
Michael Wilson,,,,,,,,,,,,,,,4
Wan'Dale Robinson,,,,,,,,,,,,,,,4
Ladd McConkey,,,,,,,,,,,,,,,4
A.J. Brown,,,,,,,,,,,,,,,4
,TB,WR,4.6,3.2,19.1,58.4,7,7,100,163,1,5,5.8,-0.8,5
,NE,WR,5.7,2.2,8.7,47.68,10,12,83.33,146,0,6.1,2.5,3.6,5
,SF,WR,5.9,2.9,7.8,30.61,10,11,90.91,142,0,6.1,3.1,3,5
,SEA,WR,5.2,2.5,12.2,38.08,8,9,88.89,132,1,4.9,3.3,1.6,5
,TEN,WR,5.8,2.5,17.1,42.56,5,10,50,131,0,4.3,5,-0.8,5
,MIN,WR,4.1,2.4,13.4,70.97,7,11,63.64,123,0,6.9,6.4,0.6,5
,DAL,WR,6.8,2,10,39.91,6,9,66.67,114,0,8.1,2.6,5.5,5
,NO,WR,5.2,2.3,15.9,36.64,4,5,80,114,1,12.3,5.6,6.7,5
,PHI,WR,4.9,3.2,9.1,22.17,8,10,80,114,0,5.7,5.2,0.5,5
,MIA,WR,6.9,2.4,15,46.34,6,9,66.67,110,1,3.3,3.2,0.1,5
,CIN,WR,6,2.3,16.9,48.82,6,10,60,110,2,5.5,3,2.5,5
,BUF,TE,6.5,3.3,12.4,28.83,6,6,100,108,0,5.6,6.4,-0.8,5
,DET,WR,5.9,3.5,6.8,53.85,8,9,88.89,100,0,7.5,6.4,1,5
,DEN,WR,5.1,2.3,10.1,31.29,8,10,80,99,0,4.8,3.3,1.5,5
,AZ,WR,5.2,2.2,18.6,42.93,4,5,80,98,0,3.1,1.8,1.2,5
,WAS,WR,7.6,2.7,9.7,45.9,8,11,72.73,96,1,5.2,3.6,1.6,5
,DET,TE,7.5,4.6,4.4,23.21,5,6,83.33,92,1,13.8,10.2,3.6,5
,KC,WR,7.5,2.9,25.2,33.35,3,5,60,90,0,5,3.6,1.4,5
,LAR,WR,6.6,2.7,14.9,33.5,5,11,45.45,88,0,3,5.1,-2.1,5
,LAR,WR,7,3.5,9.6,23.5,10,12,83.33,85,1,4.5,3.6,0.9,5
,CIN,WR,5.6,2,8.4,16.9,5,7,71.43,82,0,5.6,3.6,2,5
,TB,TE,4.8,6.1,8.5,18.51,4,5,80,81,0,14.2,11.6,2.5,5
,JAX,WR,3.1,2.1,15.2,44.77,4,6,66.67,80,0,6.2,7.1,-0.9,5
,MIA,TE,3.3,2.4,12.9,22.1,5,5,100,78,1,4.3,4.9,-0.5,5
,CAR,WR,6.4,2.7,14.8,47.5,6,8,75,73,0,2.2,2.2,0,5
,BAL,WR,9,4.6,8,26.31,5,5,100,72,0,6.4,6.3,0.2,5
,NYJ,WR,6.5,2.3,12.4,42.72,6,10,60,71,1,2.5,2.6,-0.1,5
,NYJ,TE,6.2,3.2,5.3,22.08,9,12,75,67,0,2.3,2.2,0.1,5
,CLE,TE,4.7,3.9,5.4,26.05,6,9,66.67,67,1,7,5.1,1.9,5
,LV,WR,6.2,3.4,12.9,27.98,4,6,66.67,62,0,3.6,4.5,-0.9,5
,KC,TE,7.3,3.2,3.7,7.9,7,8,87.5,61,1,4.6,4.6,0.1,5
,HOU,TE,5,3.3,7,16.93,5,6,83.33,60,0,5,4.6,0.3,5
,NO,WR,7.2,3,7.7,39.05,7,11,63.64,59,0,2.2,2.9,-0.7,5
,SEA,WR,5.3,1.5,6.7,20.71,6,9,66.67,59,0,3.6,3,0.6,5
,LAC,WR,6.5,3.6,7.2,44.45,5,9,55.56,58,0,6.5,5,1.5,5
,IND,WR,3.9,2,19.9,39.77,2,5,40,55,0,3.1,2.2,0.9,5
,IND,WR,7.5,2.8,7.8,24.97,6,8,75,54,0,3.9,2.5,1.4,5
,SEA,TE,3.4,3.5,5.4,13.02,7,7,100,53,2,3.5,2.7,0.8,5
,HOU,WR,7.4,1.9,12.8,25.64,4,5,80,52,1,3.4,2.5,0.9,5
,DAL,TE,7.6,3.3,3,11.92,7,9,77.78,49,2,7.2,6.6,0.6,5
,KC,WR,6.1,3.4,14,29.56,4,8,50,48,0,5.3,2.2,3.1,5
,TEN,TE,6,2.4,5.4,6.72,4,5,80,48,0,8.3,4.6,3.7,5
,BUF,WR,5.7,4.1,1.7,5.91,6,9,66.67,45,0,8.3,5.4,2.8,5
,PHI,WR,4.6,2,10.1,19.6,5,8,62.5,43,0,2.6,2.6,-0.1,5
,KC,WR,6.5,3.4,13.2,31.48,6,9,66.67,42,0,1.8,3.2,-1.4,5
,MIN,WR,6.7,4.5,6.9,19.95,5,6,83.33,41,1,3.5,3.9,-0.4,5
,AZ,TE,6.5,3.1,7.1,23.05,5,7,71.43,41,0,5.6,4.3,1.3,5
,SF,TE,4.8,4.3,2.5,9.79,7,11,63.64,41,1,4.1,4.3,-0.2,5
,SF,WR,6.4,2.2,13.9,34.7,3,7,42.86,39,0,2.1,2.3,-0.2,5
,LAC,WR,4.9,2.3,8.1,38.96,5,7,71.43,39,1,1.3,1.8,-0.5,5
,IND,WR,4.8,2.7,6.5,15.63,5,6,83.33,39,1,2.8,1.9,0.9,5
,MIN,TE,5.6,3.8,0.3,1.01,6,6,100,38,0,6,6.8,-0.8,5
,LV,TE,6.1,3.9,3.6,7.94,5,6,83.33,36,0,6.7,7.6,-0.9,5
,DEN,WR,8.7,4.3,15.3,23.77,3,5,60,35,0,2.5,1.8,0.7,5
,TEN,TE,3.4,4.2,5.9,7.28,4,5,80,34,0,1.4,1.5,-0.1,5
,NYG,TE,5.9,4,6.9,14.64,6,7,85.71,33,2,1.9,3.1,-1.2,5
,DEN,TE,4.7,2.6,6,11.18,4,6,66.67,33,1,5.3,5.9,-0.7,5
,LV,WR,6.1,2.5,11.2,24.3,4,6,66.67,32,0,1.5,1.6,-0.1,5
,NYG,WR,5.6,3.2,16.8,30.5,3,6,50,31,0,7,2,4.9,5
,NYG,WR,6.6,5,6.3,13.25,5,7,71.43,30,0,4.1,3.4,0.7,5
,CLE,WR,4.9,1.9,12.6,47.58,2,7,28.57,29,0,1.5,5.4,-3.9,5
,LV,WR,2.7,2.4,12.8,23.29,3,5,60,27,0,1.9,1.9,0,5
,TB,WR,4.7,3.2,9.2,20.14,4,5,80,24,1,1.8,2,-0.1,5
,BUF,WR,3.8,2,12.9,35.04,4,7,57.14,23,1,1.6,1.4,0.2,5
,MIA,TE,4.9,4.5,6.9,11.8,4,5,80,22,0,2.7,3.3,-0.6,5
,CIN,WR,4.4,2.3,12.3,24.96,3,7,42.86,22,1,-0.6,0.4,-1,5
,PHI,TE,5.3,2.9,10.4,22.74,3,9,33.33,19,1,4.8,4.8,0,5
,TEN,WR,7.7,3.3,18.7,23.26,2,5,40,17,0,7.5,5.6,1.9,5
,CIN,TE,6.6,3.5,8.4,12.1,2,5,40,15,0,1.5,4.2,-2.7,5
,CLE,WR,6.6,4,9.8,26.48,2,5,40,15,0,1.7,4.2,-2.4,5
,DEN,WR,9.3,3.6,15.6,24.17,2,5,40,10,0,1.8,3.2,-1.4,5
,MIA,WR,7.3,3.2,4.6,7.94,4,5,80,0,0,2.1,3.5,-1.4,5
Emeka Egbuka,,,,,,,,,,,,,,,5
Stefon Diggs,,,,,,,,,,,,,,,5
Kendrick Bourne,,,,,,,,,,,,,,,5
Jaxon Smith-Njigba,,,,,,,,,,,,,,,5
Calvin Ridley,,,,,,,,,,,,,,,5
Justin Jefferson,,,,,,,,,,,,,,,5
Ryan Flournoy,,,,,,,,,,,,,,,5
Rashid Shaheed,,,,,,,,,,,,,,,5
DeVonta Smith,,,,,,,,,,,,,,,5
Jaylen Waddle,,,,,,,,,,,,,,,5
Ja'Marr Chase,,,,,,,,,,,,,,,5
Dalton Kincaid,,,,,,,,,,,,,,,5
Amon-Ra St. Brown,,,,,,,,,,,,,,,5
Courtland Sutton,,,,,,,,,,,,,,,5
Marvin Harrison Jr.,,,,,,,,,,,,,,,5
Deebo Samuel Sr.,,,,,,,,,,,,,,,5
Sam LaPorta,,,,,,,,,,,,,,,5
Tyquan Thornton,,,,,,,,,,,,,,,5
Davante Adams,,,,,,,,,,,,,,,5
Puka Nacua,,,,,,,,,,,,,,,5
Andrei Iosivas,,,,,,,,,,,,,,,5
Cade Otton,,,,,,,,,,,,,,,5
Brian Thomas Jr.,,,,,,,,,,,,,,,5
Darren Waller,,,,,,,,,,,,,,,5
Tetairoa McMillan,,,,,,,,,,,,,,,5
Zay Flowers,,,,,,,,,,,,,,,5
Garrett Wilson,,,,,,,,,,,,,,,5
Mason Taylor,,,,,,,,,,,,,,,5
David Njoku,,,,,,,,,,,,,,,5
Tre Tucker,,,,,,,,,,,,,,,5
Travis Kelce,,,,,,,,,,,,,,,5
Dalton Schultz,,,,,,,,,,,,,,,5
Chris Olave,,,,,,,,,,,,,,,5
Cooper Kupp,,,,,,,,,,,,,,,5
Keenan Allen,,,,,,,,,,,,,,,5
Ashton Dulin,,,,,,,,,,,,,,,5
Josh Downs,,,,,,,,,,,,,,,5
AJ Barner,,,,,,,,,,,,,,,5
Nico Collins,,,,,,,,,,,,,,,5
Jake Ferguson,,,,,,,,,,,,,,,5
Marquise Brown,,,,,,,,,,,,,,,5
Chig Okonkwo,,,,,,,,,,,,,,,5
Khalil Shakir,,,,,,,,,,,,,,,5
A.J. Brown,,,,,,,,,,,,,,,5
Xavier Worthy,,,,,,,,,,,,,,,5
Jordan Addison,,,,,,,,,,,,,,,5
Trey McBride,,,,,,,,,,,,,,,5
Jake Tonges,,,,,,,,,,,,,,,5
Demarcus Robinson,,,,,,,,,,,,,,,5
Ladd McConkey,,,,,,,,,,,,,,,5
Michael Pittman,,,,,,,,,,,,,,,5
T.J. Hockenson,,,,,,,,,,,,,,,5
Albert Okwuegbunam,,,,,,,,,,,,,,,5
Troy Franklin,,,,,,,,,,,,,,,5
Gunnar Helm,,,,,,,,,,,,,,,5
Theo Johnson,,,,,,,,,,,,,,,5
Evan Engram,,,,,,,,,,,,,,,5
Jakobi Meyers,,,,,,,,,,,,,,,5
Darius Slayton,,,,,,,,,,,,,,,5
Wan'Dale Robinson,,,,,,,,,,,,,,,5
Isaiah Bond,,,,,,,,,,,,,,,5
Jack Bech,,,,,,,,,,,,,,,5
Sterling Shepard,,,,,,,,,,,,,,,5
Keon Coleman,,,,,,,,,,,,,,,5
Julian Hill,,,,,,,,,,,,,,,5
Tee Higgins,,,,,,,,,,,,,,,5
Dallas Goedert,,,,,,,,,,,,,,,5
Chimere Dike,,,,,,,,,,,,,,,5
Mike Gesicki,,,,,,,,,,,,,,,5
Jerry Jeudy,,,,,,,,,,,,,,,5
Marvin Mims Jr.,,,,,,,,,,,,,,,5
Malik Washington,,,,,,,,,,,,,,,5
,DAL,WR,5.3,2.4,11.2,62.34,9,11,81.82,168,1,9.5,3.1,6.3,6
,SEA,WR,7.5,3.2,13.6,55.46,8,13,61.54,162,1,5.1,4.2,0.9,6
,ATL,WR,5.5,3,10.9,74.35,10,16,62.5,158,1,6.5,3.7,2.8,6
,SF,WR,7.6,2.4,13.5,40.72,5,9,55.56,142,0,13.2,6.6,6.5,6
,PHI,TE,6.6,3.8,9.7,36.39,9,11,81.82,110,1,2.4,1.9,0.5,6
,LAC,WR,5.6,3.3,7.1,28.57,7,9,77.78,100,1,6.6,3.6,3,6
,NO,WR,4.2,2.9,12.1,57.29,6,10,60,98,0,5.1,4.6,0.5,6
,MIA,WR,7.4,2.6,13.1,56.17,6,8,75,95,0,3.2,3.2,0,6
,PIT,WR,4.2,1.5,16.6,68.83,4,9,44.44,95,1,9,2.6,6.3,6
,CIN,WR,5.5,2.8,9,44.95,10,12,83.33,94,1,1.6,1.6,0,6
,NE,WR,3.5,3,16.8,31.22,5,5,100,93,2,2.6,2.9,-0.2,6
,JAX,WR,5.4,3.7,9.8,32.93,8,10,80,90,1,3.3,2.9,0.4,6
,GB,WR,4.4,1.6,16.6,37.1,3,5,60,86,0,7.5,4.1,3.5,6
,NYG,WR,6.6,3.4,6.2,18,6,7,85.71,84,1,8.4,6.2,2.2,6
,CLE,TE,5,3.1,6.3,21.43,7,10,70,81,0,6.9,5,1.9,6
,PHI,WR,7.2,2.2,11.6,35.44,6,9,66.67,80,0,2,1.3,0.7,6
,AZ,WR,5.4,3.2,13.3,31.45,5,8,62.5,79,0,4,5.6,-1.6,6
,KC,TE,5.2,4,6.8,35.74,6,7,85.71,78,0,6,4.2,1.8,6
,TEN,WR,4.7,3.8,20.2,43.14,4,6,66.67,75,0,1.6,1.2,0.4,6
,AZ,TE,5.6,3.3,9.1,29.53,8,11,72.73,72,1,2.9,3.1,-0.2,6
,LV,WR,8.6,4.6,2.8,22.16,5,5,100,70,0,11.2,4.1,7.1,6
,LAC,TE,4.5,3.3,5.6,20.01,7,8,87.5,68,0,5.6,4.4,1.1,6
,DET,WR,7.4,5.7,4.6,30.21,6,7,85.71,66,1,7.6,8.4,-0.8,6
,IND,TE,6.2,4,5.9,25.38,6,9,66.67,63,1,7.1,7.1,0,6
,CIN,WR,5.3,2.5,12.8,42.5,5,8,62.5,62,0,4.3,3.6,0.7,6
,PIT,TE,4.6,3.5,6.5,14.92,3,5,60,62,0,14.2,10,4.2,6
,SF,TE,4.5,4.1,4.4,10.27,6,7,85.71,58,0,6.5,6.6,-0.2,6
,DET,TE,10.4,3.3,7.2,40.64,5,6,83.33,55,1,5.9,3.9,2,6
,NYG,WR,5.6,1.5,15.6,52.31,4,8,50,55,0,2.3,1.4,0.9,6
,GB,WR,4.8,2.5,9.7,38.92,5,9,55.56,55,0,2.6,1.6,1,6
,TB,TE,10.2,4.8,3.7,10.34,5,6,83.33,51,0,6.7,7.2,-0.4,6
,LV,TE,4.8,3.5,2.1,22.93,5,7,71.43,50,1,8.3,7.5,0.8,6
,PHI,WR,7.1,4.9,10.6,18.07,4,5,80,49,0,7.8,6.8,1.1,6
,BAL,WR,7.8,2.3,8.2,44.31,6,10,60,46,0,4.1,2,2.1,6
,TEN,TE,7.1,4.9,1.1,2.36,6,6,100,46,0,6.6,4.4,2.1,6
,WAS,WR,6,1.6,12.5,33.37,3,5,60,46,1,-0.6,0.8,-1.4,6
,DET,WR,5.4,3.3,3.7,35,9,10,90,45,0,1.7,3.5,-1.8,6
,AZ,WR,4.2,1.7,8.9,13.11,4,5,80,44,0,3.4,4.2,-0.8,6
,CLE,WR,7.8,2.3,9.3,40.99,5,13,38.46,43,0,3.3,2.5,0.8,6
,WAS,TE,6.5,2.2,6.4,20.51,6,6,100,43,1,2,2.4,-0.5,6
,IND,WR,10.5,2.7,5.7,19.11,6,7,85.71,42,1,1.9,1.6,0.4,6
,DEN,TE,5.4,1.4,5.5,22.97,5,6,83.33,42,0,3,2.8,0.2,6
,CHI,WR,3.2,2.5,9.5,19.88,3,5,60,42,0,8.3,7.4,0.9,6
,LAR,WR,6,2.8,11.8,47.15,4,9,44.44,39,0,1.2,3.1,-1.9,6
,BUF,WR,10,2.2,9.8,16.13,3,5,60,33,0,5.9,4.7,1.2,6
,CHI,WR,4.6,3.2,20.6,42.92,2,5,40,32,0,11.3,9.8,1.5,6
,DAL,WR,7.5,3.2,4.2,12.69,3,6,50,30,0,6.9,5.5,1.4,6
,CAR,WR,7,2.5,12.4,42.09,3,5,60,29,2,-0.5,0.1,-0.5,6
,NO,WR,7.9,2.6,8.4,23.73,4,6,66.67,28,0,2.5,4,-1.5,6
,CLE,TE,5.5,2,7.1,14.43,3,6,50,28,0,3.6,3.7,-0.1,6
,BUF,WR,8.5,2.9,13.1,21.56,3,5,60,27,0,0.7,2.1,-1.4,6
,TEN,WR,5.9,2.1,13.8,24.56,3,5,60,27,0,2.8,2.1,0.6,6
,LAC,WR,4.7,2.8,6.3,13.9,4,5,80,27,0,5.2,3.9,1.3,6
,LAC,WR,4.5,1.9,10.3,31.95,4,7,57.14,27,0,1.6,1.8,-0.2,6
,CHI,WR,5.4,2.8,7.3,18.28,2,6,33.33,24,0,5.6,5.7,-0.1,6
,BAL,TE,3.9,2,4.8,15.79,4,6,66.67,24,0,0.7,1.8,-1.1,6
,MIA,WR,6.1,3.6,1.3,3.56,4,5,80,22,0,5,2.2,2.8,6
,NYG,WR,8.3,1.7,7.4,15.44,3,5,60,17,0,0.8,1.1,-0.3,6
,WAS,WR,7.1,3.3,4.8,12.87,4,5,80,15,0,2.4,2.3,0.2,6
,JAX,WR,6,3.6,4,9.31,4,7,57.14,15,0,5.1,3.1,2,6
,NYJ,WR,7,2.2,4.5,42.02,3,8,37.5,13,0,1.1,2.3,-1.2,6
,JAX,WR,6.8,2.4,16.2,27.21,2,5,40,13,0,-0.1,0.2,-0.3,6
,BUF,WR,6,2.1,10.5,20.67,3,6,50,11,0,-0.2,1.6,-1.8,6
,CIN,TE,6.5,5.6,3.5,7.28,4,5,80,10,1,1.5,2,-0.5,6
,CLE,WR,5.7,3.2,6.8,11.55,2,5,40,9,0,1.3,6.4,-5.2,6
George Pickens,,,,,,,,,,,,,,,6
Jaxon Smith-Njigba,,,,,,,,,,,,,,,6
Drake London,,,,,,,,,,,,,,,6
Kendrick Bourne,,,,,,,,,,,,,,,6
Dallas Goedert,,,,,,,,,,,,,,,6
Ladd McConkey,,,,,,,,,,,,,,,6
Chris Olave,,,,,,,,,,,,,,,6
Jaylen Waddle,,,,,,,,,,,,,,,6
DK Metcalf,,,,,,,,,,,,,,,6
Ja'Marr Chase,,,,,,,,,,,,,,,6
Kayshon Boutte,,,,,,,,,,,,,,,6
Brian Thomas Jr.,,,,,,,,,,,,,,,6
Matthew Golden,,,,,,,,,,,,,,,6
Wan'Dale Robinson,,,,,,,,,,,,,,,6
Harold Fannin Jr.,,,,,,,,,,,,,,,6
A.J. Brown,,,,,,,,,,,,,,,6
Zay Jones,,,,,,,,,,,,,,,6
Travis Kelce,,,,,,,,,,,,,,,6
Van Jefferson,,,,,,,,,,,,,,,6
Trey McBride,,,,,,,,,,,,,,,6
Tre Tucker,,,,,,,,,,,,,,,6
Oronde Gadsden II,,,,,,,,,,,,,,,6
Jameson Williams,,,,,,,,,,,,,,,6
Tyler Warren,,,,,,,,,,,,,,,6
Tee Higgins,,,,,,,,,,,,,,,6
Darnell Washington,,,,,,,,,,,,,,,6
Jake Tonges,,,,,,,,,,,,,,,6
Sam LaPorta,,,,,,,,,,,,,,,6
Lil'Jordan Humphrey,,,,,,,,,,,,,,,6
Romeo Doubs,,,,,,,,,,,,,,,6
Cade Otton,,,,,,,,,,,,,,,6
Michael Mayer,,,,,,,,,,,,,,,6
DeVonta Smith,,,,,,,,,,,,,,,6
Zay Flowers,,,,,,,,,,,,,,,6
Chig Okonkwo,,,,,,,,,,,,,,,6
Chris Moore,,,,,,,,,,,,,,,6
Amon-Ra St. Brown,,,,,,,,,,,,,,,6
Michael Wilson,,,,,,,,,,,,,,,6
Jerry Jeudy,,,,,,,,,,,,,,,6
Zach Ertz,,,,,,,,,,,,,,,6
Josh Downs,,,,,,,,,,,,,,,6
Evan Engram,,,,,,,,,,,,,,,6
DJ Moore,,,,,,,,,,,,,,,6
Davante Adams,,,,,,,,,,,,,,,6
Khalil Shakir,,,,,,,,,,,,,,,6
Rome Odunze,,,,,,,,,,,,,,,6
Ryan Flournoy,,,,,,,,,,,,,,,6
Tetairoa McMillan,,,,,,,,,,,,,,,6
Rashid Shaheed,,,,,,,,,,,,,,,6
David Njoku,,,,,,,,,,,,,,,6
Tyrell Shavers,,,,,,,,,,,,,,,6
Elic Ayomanor,,,,,,,,,,,,,,,6
Tre Harris,,,,,,,,,,,,,,,6
Keenan Allen,,,,,,,,,,,,,,,6
Olamide Zaccheaus,,,,,,,,,,,,,,,6
Mark Andrews,,,,,,,,,,,,,,,6
Malik Washington,,,,,,,,,,,,,,,6
Jalin Hyatt,,,,,,,,,,,,,,,6
Deebo Samuel Sr.,,,,,,,,,,,,,,,6
Travis Hunter,,,,,,,,,,,,,,,6
Garrett Wilson,,,,,,,,,,,,,,,6
Dyami Brown,,,,,,,,,,,,,,,6
Keon Coleman,,,,,,,,,,,,,,,6
Tanner Hudson,,,,,,,,,,,,,,,6
Isaiah Bond,,,,,,,,,,,,,,,6
,PHI,WR,6.6,3,15.4,61.22,9,11,81.82,183,1,4.7,4.5,0.2,7
,LAC,TE,6.3,3.1,10.8,20.16,7,9,77.78,164,1,9,3.6,5.4,7
,CIN,WR,5.8,3.9,6.5,48.38,16,23,69.57,161,1,5.9,5.2,0.7,7
,MIN,WR,6.7,2.8,16.2,46.55,9,12,75,128,0,1.2,1.7,-0.5,7
,SEA,WR,6.5,2.2,11.6,54.89,8,14,57.14,123,1,4.3,3.3,1,7
,PHI,WR,8.3,1.3,17.8,38.48,4,6,66.67,121,2,7.8,3.5,4.3,7
,LAC,WR,6,2.5,9.1,26.54,11,14,78.57,119,1,2.7,2.1,0.7,7
,PIT,TE,5.9,3.3,8.9,18.15,5,6,83.33,111,2,12.5,3.3,9.2,7
,DAL,WR,5.4,2.3,10.1,39.13,5,8,62.5,110,1,12.3,4.3,8,7
,JAX,WR,7.1,3.6,8.5,22.48,8,14,57.14,101,1,5.3,5.1,0.2,7
,IND,WR,7.6,1.5,24.2,69.06,5,10,50,98,0,1.5,2.5,-1,7
,NO,WR,7.2,1.4,19.8,38.01,5,7,71.43,98,2,2.7,5,-2.2,7
,HOU,TE,5.3,4.7,4.3,11.54,9,10,90,98,0,7.3,7.3,0,7
,CIN,WR,5.4,2,12,38.43,6,10,60,96,1,5.8,5.9,-0.2,7
,NYG,WR,7.1,2.6,10.5,35.95,6,12,50,95,0,7.4,5.6,1.7,7
,CAR,WR,6.2,2.6,9.9,46.17,9,11,81.82,92,1,2,1.9,0.1,7
,DEN,WR,6.3,1.8,11.6,28.13,6,10,60,87,0,3.9,3.4,0.4,7
,DET,WR,4.4,2.8,9.4,58.21,6,10,60,86,1,7.9,7.6,0.3,7
,DEN,WR,8.6,3.7,12.6,21.33,6,7,85.71,85,0,5.4,5.5,-0.1,7
,DAL,WR,4.7,2,17.3,50.47,4,6,66.67,82,0,3.1,1.9,1.2,7
,NO,TE,7.4,4.6,8.5,16.32,5,7,71.43,79,0,8.1,7.9,0.2,7
,MIN,WR,5.3,2,11.8,28.27,5,10,50,79,0,12.2,5.1,7.1,7
,HOU,WR,5.3,2,17.6,33.35,4,7,57.14,77,0,3.8,3.9,-0.1,7
,AZ,TE,5.3,3.2,6.1,26.23,10,13,76.92,74,2,3,2.6,0.4,7
,GB,WR,6.4,2.1,15.5,61.09,6,8,75,72,0,1.2,1.2,0,7
,NE,WR,7.1,2.5,6.5,22.9,7,7,100,69,0,3.3,3,0.3,7
,IND,TE,5.8,5.2,8.8,12.56,4,5,80,69,1,13.8,12.8,1,7
,ATL,WR,3.5,4.2,23.5,32.97,3,5,60,68,0,5.1,1.2,3.9,7
,LAC,WR,5.6,3.2,10.9,33.92,9,15,60,67,0,1.9,2.7,-0.8,7
,NYG,TE,5,4.4,4.2,8.47,3,7,42.86,66,1,15.9,17.8,-2,7
,TB,TE,5.8,3.2,4.8,9.24,7,9,77.78,65,0,4.2,4.4,-0.2,7
,ATL,TE,9.4,3.4,7.6,21.23,7,10,70,62,0,3.1,3.9,-0.7,7
,WAS,WR,5.8,3.2,18.9,38.3,3,6,50,60,0,2.1,3.5,-1.4,7
,WAS,WR,8.1,2.6,13.9,23.34,2,5,40,59,0,14.9,11.9,3,7
,GB,TE,7.7,3.5,4.4,21.88,5,10,50,58,1,6.6,5.5,1.1,7
,IND,WR,6.4,3.3,5.9,15.21,7,9,77.78,58,1,3.5,3.2,0.3,7
,AZ,WR,5.1,2.9,19,37.85,2,6,33.33,58,0,4.8,2.4,2.4,7
,TB,WR,4.2,3.5,10.1,19.57,4,9,44.44,58,1,7.9,6.7,1.2,7
,TB,WR,4.2,2.1,14.8,38.22,4,12,33.33,58,0,5.1,2.4,2.7,7
,JAX,WR,7.9,1.7,19.9,37.87,4,10,40,52,0,1.6,2.4,-0.9,7
,PIT,WR,6.4,2.3,16.1,27.22,3,5,60,50,0,6.6,8.7,-2.1,7
,CHI,WR,8.9,2.4,6.4,16.35,3,5,60,43,0,7.2,3,4.2,7
,MIN,TE,5.1,4.2,4,8.71,6,9,66.67,43,0,4.4,5.8,-1.4,7
,DEN,TE,7,6.5,0.9,1.7,5,8,62.5,42,0,7.7,6.7,1,7
,SEA,TE,7,2.4,7.2,12.15,4,5,80,42,0,2.7,2.7,0,7
,KC,WR,6.2,3.6,1.6,8.52,7,10,70,42,2,5.3,5.6,-0.3,7
,ATL,WR,3.4,2.2,13.3,37.34,4,10,40,42,0,1.4,1.2,0.2,7
,NO,WR,6.7,2.5,14.7,36.25,4,9,44.44,40,0,3.5,3.9,-0.4,7
,WAS,TE,6.3,2.8,8.6,20.25,3,7,42.86,37,1,5.4,3.4,2,7
,TEN,TE,5.3,3.3,8.1,22.42,4,5,80,36,0,3.3,4,-0.6,7
,CLE,TE,4,5.5,2.9,18.8,4,5,80,36,0,6.7,6.7,0,7
,LAR,WR,5,1.6,12.3,27.8,5,8,62.5,35,3,0.2,0.4,-0.2,7
,LV,WR,6.4,6.6,1.6,17.66,5,6,83.33,33,0,7.1,8.1,-1,7
,CAR,WR,5.5,3.6,9.7,20.68,3,5,60,33,0,5.8,3.6,2.2,7
,NE,TE,5.1,4.3,5.4,13.42,4,5,80,33,0,4.5,4.9,-0.4,7
,NYJ,TE,8.9,3.5,5.8,7.76,3,5,60,31,0,5.1,4.9,0.2,7
,CHI,WR,8.5,3.1,14.4,43.71,2,6,33.33,31,0,9.2,7.9,1.3,7
,JAX,WR,6.4,2.7,14,18.61,3,7,42.86,31,0,1.1,2.8,-1.7,7
,SF,WR,5.3,2.5,5.9,37.46,4,7,57.14,31,0,2.4,2.6,-0.2,7
,MIA,WR,5.5,3.2,3.5,14.89,5,8,62.5,30,0,3,5.2,-2.2,7
,LAC,WR,3.2,2.2,12.7,15.8,2,6,33.33,30,1,0.8,1.2,-0.5,7
,NYJ,WR,8.3,1,18,43.53,3,9,33.33,29,0,1.1,1.6,-0.5,7
,DAL,TE,8.1,3.3,1.5,4.96,7,7,100,29,2,2.9,3,-0.2,7
,TEN,WR,7,2.5,7.8,21.75,2,5,40,29,0,7.1,9.8,-2.7,7
,PIT,TE,5.4,2.5,9.7,19.75,3,6,50,28,1,1.6,1.7,-0.1,7
,HOU,WR,3.9,2.2,9.6,26.01,4,10,40,27,0,1.8,1.7,0.1,7
,TB,WR,4.2,3.3,3.1,4.62,7,7,100,25,0,0.8,2.5,-1.7,7
,DEN,WR,7.7,1.8,17.2,41.69,3,10,30,19,1,-0.2,0.9,-1.1,7
,LAR,TE,3.3,1.9,6.8,11.51,3,6,50,19,0,2.8,4.6,-1.8,7
,PIT,TE,5.7,3.4,6.4,10.8,3,5,60,2,1,0.7,5.4,-4.8,7
DeVonta Smith,,,,,,,,,,,,,,,7
Oronde Gadsden II,,,,,,,,,,,,,,,7
Ja'Marr Chase,,,,,,,,,,,,,,,7
Jordan Addison,,,,,,,,,,,,,,,7
Jaxon Smith-Njigba,,,,,,,,,,,,,,,7
A.J. Brown,,,,,,,,,,,,,,,7
Keenan Allen,,,,,,,,,,,,,,,7
Pat Freiermuth,,,,,,,,,,,,,,,7
CeeDee Lamb,,,,,,,,,,,,,,,7
Travis Hunter,,,,,,,,,,,,,,,7
Alec Pierce,,,,,,,,,,,,,,,7
Chris Olave,,,,,,,,,,,,,,,7
Dalton Schultz,,,,,,,,,,,,,,,7
Tee Higgins,,,,,,,,,,,,,,,7
Wan'Dale Robinson,,,,,,,,,,,,,,,7
Xavier Legette,,,,,,,,,,,,,,,7
Courtland Sutton,,,,,,,,,,,,,,,7
Amon-Ra St. Brown,,,,,,,,,,,,,,,7
Marvin Mims Jr.,,,,,,,,,,,,,,,7
George Pickens,,,,,,,,,,,,,,,7
Juwan Johnson,,,,,,,,,,,,,,,7
Justin Jefferson,,,,,,,,,,,,,,,7
Jaylin Noel,,,,,,,,,,,,,,,7
Trey McBride,,,,,,,,,,,,,,,7
Romeo Doubs,,,,,,,,,,,,,,,7
Stefon Diggs,,,,,,,,,,,,,,,7
Tyler Warren,,,,,,,,,,,,,,,7
Darnell Mooney,,,,,,,,,,,,,,,7
Ladd McConkey,,,,,,,,,,,,,,,7
Theo Johnson,,,,,,,,,,,,,,,7
Cade Otton,,,,,,,,,,,,,,,7
Kyle Pitts,,,,,,,,,,,,,,,7
Jaylin Lane,,,,,,,,,,,,,,,7
Chris Moore,,,,,,,,,,,,,,,7
Tucker Kraft,,,,,,,,,,,,,,,7
Michael Pittman,,,,,,,,,,,,,,,7
Marvin Harrison Jr.,,,,,,,,,,,,,,,7
Tez Johnson,,,,,,,,,,,,,,,7
Emeka Egbuka,,,,,,,,,,,,,,,7
Parker Washington,,,,,,,,,,,,,,,7
DK Metcalf,,,,,,,,,,,,,,,7
DJ Moore,,,,,,,,,,,,,,,7
T.J. Hockenson,,,,,,,,,,,,,,,7
Evan Engram,,,,,,,,,,,,,,,7
Elijah Arroyo,,,,,,,,,,,,,,,7
Rashee Rice,,,,,,,,,,,,,,,7
Drake London,,,,,,,,,,,,,,,7
Rashid Shaheed,,,,,,,,,,,,,,,7
Zach Ertz,,,,,,,,,,,,,,,7
Gunnar Helm,,,,,,,,,,,,,,,7
Harold Fannin Jr.,,,,,,,,,,,,,,,7
Davante Adams,,,,,,,,,,,,,,,7
Tre Tucker,,,,,,,,,,,,,,,7
Tetairoa McMillan,,,,,,,,,,,,,,,7
Hunter Henry,,,,,,,,,,,,,,,7
Mason Taylor,,,,,,,,,,,,,,,7
Rome Odunze,,,,,,,,,,,,,,,7
Brian Thomas Jr.,,,,,,,,,,,,,,,7
Jauan Jennings,,,,,,,,,,,,,,,7
Malik Washington,,,,,,,,,,,,,,,7
Quentin Johnston,,,,,,,,,,,,,,,7
Josh Reynolds,,,,,,,,,,,,,,,7
Jake Ferguson,,,,,,,,,,,,,,,7
Elic Ayomanor,,,,,,,,,,,,,,,7
Jonnu Smith,,,,,,,,,,,,,,,7
Nico Collins,,,,,,,,,,,,,,,7
Sterling Shepard,,,,,,,,,,,,,,,7
Troy Franklin,,,,,,,,,,,,,,,7
Tyler Higbee,,,,,,,,,,,,,,,7
Darnell Washington,,,,,,,,,,,,,,,7
,GB,TE,6.1,3.8,2.3,10.87,7,9,77.78,143,2,18.6,9.8,8.8,8
,CHI,WR,5.5,2,14.1,45.77,7,10,70,114,0,2.2,1.7,0.5,8
,KC,TE,6.9,3.3,6.5,25.64,6,8,75,99,1,9.2,7.8,1.4,8
,MIA,WR,4.9,2.5,11.3,72.98,5,6,83.33,99,1,9.9,7.7,2.2,8
,CAR,WR,4.6,2.6,10.9,59.48,7,10,70,99,0,3.4,4.7,-1.3,8
,IND,WR,5.8,2,6.8,25.28,8,9,88.89,95,1,4.1,2.4,1.8,8
,TEN,WR,7.4,3.4,8.4,20.31,7,8,87.5,93,0,6.4,6.3,0.1,8
,KC,WR,6.7,4.7,3.6,15.84,9,9,100,93,1,6.4,5.8,0.6,8
,CIN,WR,4.9,3.4,4.8,45.69,12,19,63.16,91,0,6.4,5.4,1,8
,DEN,WR,7,3.7,15.4,39.17,6,8,75,89,2,5.9,4.7,1.2,8
,NE,WR,5.4,3.8,8.7,22.25,7,7,100,89,0,4,3.4,0.6,8
,BUF,WR,6.7,4.6,1.4,7.08,6,7,85.71,88,1,15.6,8.5,7.1,8
,LAC,WR,6.3,3.9,9.9,46.86,6,10,60,88,1,4.7,5.6,-0.8,8
,PHI,WR,5.8,2.6,12.7,68.37,6,9,66.67,84,0,3.3,4.1,-0.8,8
,DAL,WR,6,2.4,8.2,26.16,7,9,77.78,78,0,2.3,2,0.2,8
,LAC,TE,7.9,3.8,9.8,23.11,5,5,100,77,1,5.9,5.8,0.1,8
,NE,WR,7.3,2.9,19.7,35.92,3,5,60,75,1,0.9,1.3,-0.3,8
,NO,WR,6.7,3.2,8.7,23.89,9,12,75,75,0,3,4.2,-1.2,8
,MIN,WR,8.1,2.9,9.2,69.77,7,11,63.64,74,0,2.7,2.7,0,8
,PIT,WR,6.5,3.7,19,43.65,4,5,80,74,1,1.5,3.1,-1.7,8
,DAL,WR,6.1,2.6,10.4,36.78,7,10,70,74,0,2.7,4.1,-1.4,8
,CHI,WR,6.6,2.9,10.8,24.66,4,7,57.14,73,0,10.8,7.9,2.8,8
,HOU,WR,6.5,3.6,8.1,16.47,5,6,83.33,69,1,5.2,4.4,0.8,8
,IND,WR,5.9,2.1,26.7,55.4,2,5,40,69,0,2.4,3.1,-0.7,8
,DEN,WR,6.3,2.1,15,28.62,4,6,66.67,67,0,3.4,5.5,-2.1,8
,NYJ,WR,6.8,2.3,17.1,43.08,3,5,60,64,1,5.9,2.3,3.6,8
,HOU,WR,8.6,2.5,12.4,25.41,5,6,83.33,63,0,2,1.5,0.5,8
,NO,WR,7.2,3.4,10.8,29.67,8,12,66.67,63,0,1.6,3.7,-2.1,8
,BAL,WR,7.1,3.6,10.5,46.13,7,9,77.78,63,0,1.2,2,-0.8,8
,CLE,TE,4.6,3,6.5,23.63,6,8,75,62,1,4.4,4.9,-0.5,8
,ATL,TE,4.8,4.1,4.1,16.14,9,9,100,59,0,2.4,5,-2.6,8
,PIT,WR,3.8,2.7,9,28.94,5,7,71.43,55,1,6.5,3.8,2.7,8
,KC,WR,8,4.2,6.2,21.11,5,7,71.43,53,0,8.4,7,1.4,8
,TEN,TE,6.3,4.6,7.4,11.21,4,5,80,53,0,4,3.9,0.1,8
,IND,TE,4.4,3.6,6,12.43,4,5,80,53,0,10.1,12.4,-2.3,8
,NO,TE,4.1,3,11,19.98,5,8,62.5,53,0,2.2,1.9,0.3,8
,TEN,WR,7.4,2.8,13.9,33.34,4,8,50,52,0,3.7,3.3,0.3,8
,SF,WR,8.6,1.6,16.8,35.62,4,7,57.14,45,0,1.5,1.3,0.2,8
,GB,WR,5.4,2.6,17.1,53.95,3,6,50,44,0,4.7,4.4,0.4,8
,LAC,WR,4.6,2.1,10.6,25.13,4,5,80,44,0,2.4,2.2,0.2,8
,TB,WR,7.5,4.4,8,30.26,5,6,83.33,43,0,1.3,2.3,-0.9,8
,SF,TE,5.3,2.2,8,12.05,4,5,80,43,1,3.2,4.2,-1,8
,TB,TE,6.1,3.3,4.1,13,4,5,80,40,0,6.7,4.9,1.8,8
,CHI,TE,6.2,4.9,6.6,10.65,3,5,60,38,0,6.2,6.8,-0.7,8
,HOU,WR,5.5,3.1,5.2,8.91,5,5,100,38,0,2.4,1.6,0.8,8
,CLE,TE,4.9,3.7,5.9,13.47,4,5,80,37,1,4,4.4,-0.4,8
,MIA,WR,8.3,4.2,3.7,19.79,4,5,80,36,1,4.9,3.4,1.5,8
,TB,WR,7.2,2.2,10.3,58.29,3,9,33.33,35,0,2.9,4,-1.1,8
,NYJ,TE,6,2.2,7.8,31.4,5,8,62.5,34,1,2.9,3.6,-0.7,8
,HOU,WR,5.1,2.2,10.7,29.13,4,8,50,34,1,2,1.4,0.5,8
,CHI,WR,7.8,2.3,3.5,7.85,7,7,100,33,0,1.3,0.9,0.4,8
,ATL,WR,5.8,3.5,10.2,35.63,3,8,37.5,31,0,2.6,2,0.6,8
,PIT,WR,6.7,3.9,3.2,8.69,4,6,66.67,28,0,2.9,2.3,0.6,8
,NYG,WR,6.9,1.9,14.3,30.17,2,5,40,26,0,6.2,4.9,1.3,8
,WAS,TE,7.2,2.6,4.8,19.42,4,6,66.67,16,0,0.8,1.5,-0.7,8
,NE,WR,3.4,2.4,5.3,9.66,3,5,60,14,1,1.3,1.8,-0.5,8
,WAS,WR,5.8,3.9,3.2,12.93,3,6,50,11,0,3.8,6.1,-2.3,8
,NO,WR,7.9,1.4,13.2,15.09,1,5,20,10,0,3.2,4.8,-1.5,8
,TEN,WR,6.6,1.8,10.6,25.62,1,8,12.5,6,0,0.4,0.8,-0.4,8
,DAL,WR,4.5,5.1,1.1,1.97,1,5,20,-2,0,0.6,3.8,-3.2,8
Tucker Kraft,,,,,,,,,,,,,,,8
Rome Odunze,,,,,,,,,,,,,,,8
Travis Kelce,,,,,,,,,,,,,,,8
Jaylen Waddle,,,,,,,,,,,,,,,8
Tetairoa McMillan,,,,,,,,,,,,,,,8
Michael Pittman,,,,,,,,,,,,,,,8
Chimere Dike,,,,,,,,,,,,,,,8
Rashee Rice,,,,,,,,,,,,,,,8
Ja'Marr Chase,,,,,,,,,,,,,,,8
Troy Franklin,,,,,,,,,,,,,,,8
Mack Hollins,,,,,,,,,,,,,,,8
Khalil Shakir,,,,,,,,,,,,,,,8
Ladd McConkey,,,,,,,,,,,,,,,8
DeVonta Smith,,,,,,,,,,,,,,,8
George Pickens,,,,,,,,,,,,,,,8
Oronde Gadsden II,,,,,,,,,,,,,,,8
Kayshon Boutte,,,,,,,,,,,,,,,8
Rashid Shaheed,,,,,,,,,,,,,,,8
Justin Jefferson,,,,,,,,,,,,,,,8
Roman Wilson,,,,,,,,,,,,,,,8
CeeDee Lamb,,,,,,,,,,,,,,,8
DJ Moore,,,,,,,,,,,,,,,8
Xavier Hutchinson,,,,,,,,,,,,,,,8
Alec Pierce,,,,,,,,,,,,,,,8
Courtland Sutton,,,,,,,,,,,,,,,8
Tyler Johnson,,,,,,,,,,,,,,,8
Jaylin Noel,,,,,,,,,,,,,,,8
Chris Olave,,,,,,,,,,,,,,,8
Zay Flowers,,,,,,,,,,,,,,,8
Harold Fannin Jr.,,,,,,,,,,,,,,,8
Kyle Pitts,,,,,,,,,,,,,,,8
DK Metcalf,,,,,,,,,,,,,,,8
Xavier Worthy,,,,,,,,,,,,,,,8
Chig Okonkwo,,,,,,,,,,,,,,,8
Tyler Warren,,,,,,,,,,,,,,,8
Juwan Johnson,,,,,,,,,,,,,,,8
Elic Ayomanor,,,,,,,,,,,,,,,8
Jauan Jennings,,,,,,,,,,,,,,,8
Romeo Doubs,,,,,,,,,,,,,,,8
Keenan Allen,,,,,,,,,,,,,,,8
Tez Johnson,,,,,,,,,,,,,,,8
George Kittle,,,,,,,,,,,,,,,8
Cade Otton,,,,,,,,,,,,,,,8
Colston Loveland,,,,,,,,,,,,,,,8
Braxton Berrios,,,,,,,,,,,,,,,8
David Njoku,,,,,,,,,,,,,,,8
Malik Washington,,,,,,,,,,,,,,,8
Emeka Egbuka,,,,,,,,,,,,,,,8
Mason Taylor,,,,,,,,,,,,,,,8
Jayden Higgins,,,,,,,,,,,,,,,8
Olamide Zaccheaus,,,,,,,,,,,,,,,8
KhaDarel Hodge,,,,,,,,,,,,,,,8
Calvin Austin III,,,,,,,,,,,,,,,8
Darius Slayton,,,,,,,,,,,,,,,8
Zach Ertz,,,,,,,,,,,,,,,8
Stefon Diggs,,,,,,,,,,,,,,,8
Deebo Samuel Sr.,,,,,,,,,,,,,,,8
Devaughn Vele,,,,,,,,,,,,,,,8
Van Jefferson,,,,,,,,,,,,,,,8
KaVontae Turpin,,,,,,,,,,,,,,,8
,SEA,WR,4.4,2.9,10,44.28,8,9,88.89,129,0,6.3,5.8,0.5,9
,LV,TE,6.7,2.8,6.4,49.94,12,13,92.31,127,3,5.2,3.2,2,9
,CIN,WR,5.3,1.2,13.9,29.42,7,9,77.78,121,2,4.3,2.9,1.4,9
,CHI,TE,6.1,3.3,10.2,25.91,6,7,85.71,118,2,10,3.9,6.1,9
,ATL,WR,5,2.3,11,47.22,9,14,64.29,118,3,2.2,2.1,0.2,9
,IND,WR,8.4,2.1,16,51.01,6,13,46.15,115,0,4.6,2.1,2.5,9
,IND,WR,7.6,3.9,9.9,29.13,9,12,75,115,0,2.9,3.3,-0.3,9
,CIN,WR,5,3.5,10.4,19.53,6,8,75,111,0,7.8,4.8,3,9
,BUF,TE,7.8,4.4,7.7,40.75,6,6,100,101,1,9.1,8.7,0.4,9
,NE,WR,6.1,1.3,21.4,47.21,4,6,66.67,100,1,7.8,3.7,4.1,9
,DET,TE,5.5,3.4,6.5,20.99,6,8,75,97,1,10,9.2,0.9,9
,DET,WR,4.9,2.1,10.2,53.66,9,13,69.23,97,0,2.9,2.7,0.2,9
,AZ,WR,6.7,2.9,11.7,46.4,7,10,70,96,1,3.1,1.5,1.5,9
,LAR,WR,7.5,2.9,9.7,24.71,7,8,87.5,95,1,3.2,2.7,0.5,9
,GB,WR,8,2.1,12.5,40.72,7,10,70,91,0,2.3,2.2,0.1,9
,JAX,WR,4.9,2.4,9,28.74,8,9,88.89,90,0,1.5,2.8,-1.2,9
,DAL,WR,8.1,3.2,14,41.94,7,12,58.33,85,0,4.7,4.5,0.2,9
,MIA,WR,7,2.5,9.5,35.32,6,9,66.67,82,0,3.6,5.9,-2.4,9
,KC,WR,5.1,2.8,11.7,19.61,4,7,57.14,80,0,7.3,10.1,-2.8,9
,DAL,WR,6.6,2.3,12.4,27.81,6,9,66.67,79,0,2.8,1.3,1.5,9
,HOU,TE,4.5,2.9,5.7,14.08,6,8,75,77,0,7.5,5.3,2.2,9
,HOU,WR,6.1,1.9,13.2,44.52,7,11,63.64,75,0,2.4,2,0.4,9
,CHI,WR,6,4.7,13.8,30.23,4,6,66.67,72,0,8.9,7.3,1.6,9
,NO,WR,7.6,2.5,12.2,50.73,5,9,55.56,68,0,2.8,2.6,0.2,9
,LAC,TE,4.8,4.9,9.1,15.29,5,5,100,68,0,4.5,3.5,1,9
,DET,WR,6.4,2.4,10.4,25.04,4,6,66.67,66,1,5.8,4.1,1.6,9
,CIN,WR,3.4,2.4,10.9,17.84,5,7,71.43,66,1,4.4,4.9,-0.4,9
,KC,TE,3.1,3.2,11.4,13.64,4,5,80,66,0,4,5.1,-1.1,9
,BAL,WR,8.8,3.9,6.5,15.76,5,5,100,64,0,6.3,5,1.3,9
,NYG,WR,7.1,3.2,11.9,43.79,5,7,71.43,62,0,4.1,4.6,-0.5,9
,LAR,WR,5,2.8,14.9,33.2,5,7,71.43,60,2,2.3,3.5,-1.2,9
,CHI,WR,4.7,3.5,6.2,18.14,6,8,75,58,1,7.1,7,0,9
,LAC,WR,6,3.7,7.3,14.69,4,6,66.67,56,0,9.3,6.9,2.4,9
,PIT,WR,4.1,3.9,6.2,39.12,5,6,83.33,56,0,8.1,5.8,2.3,9
,AZ,TE,6.2,2.9,10.8,38.42,5,9,55.56,55,1,3.3,2.5,0.8,9
,JAX,WR,5.2,2.4,17,30.22,3,5,60,55,0,8,1.6,6.4,9
,LAC,WR,4.8,2,12.3,24.91,4,6,66.67,53,1,3.1,2.7,0.4,9
,NE,TE,8.4,2.6,6.7,14.83,4,6,66.67,51,0,7.5,8.6,-1.2,9
,IND,WR,5.5,3.3,5.3,11.79,6,9,66.67,50,1,1.9,1.6,0.2,9
,DAL,TE,5.2,3.2,5.4,9.39,5,7,71.43,50,0,5.4,4.2,1.2,9
,MIA,TE,9.6,2.7,5.7,11.69,5,5,100,49,0,4.1,4.5,-0.3,9
,MIN,WR,3.7,4.3,6.7,25.26,6,9,66.67,47,1,1.7,3.1,-1.4,9
,NYG,WR,8.4,3.7,4.2,24.34,9,11,81.82,46,0,1.9,2.9,-1,9
,TEN,WR,8.3,6,11,36.7,3,6,50,46,0,6.9,7.5,-0.6,9
,CAR,WR,7.6,2.3,11.1,53.12,4,6,66.67,46,0,0.4,2,-1.6,9
,BUF,WR,6.6,5.2,0.2,1.36,7,8,87.5,43,0,7.7,9.8,-2.1,9
,PIT,TE,6.2,1.7,6.2,38.93,4,6,66.67,43,0,3.5,2.1,1.4,9
,LAC,WR,7.5,2.5,15,25.2,2,5,40,41,0,7.6,3.6,4,9
,WAS,WR,6.6,4.1,0.8,3.92,5,6,83.33,41,0,7.7,7.4,0.3,9
,SF,WR,3.7,1.8,7.7,29.01,4,5,80,41,1,4.3,3.5,0.8,9
,ATL,TE,7.4,2.6,11.9,25.58,4,7,57.14,38,0,1.2,2,-0.8,9
,HOU,WR,6.6,2,10,15.34,3,5,60,30,0,1.4,2.1,-0.6,9
,DEN,WR,3.9,1.6,21.2,31.04,1,6,16.67,30,1,3.9,1.9,2,9
,WAS,WR,7.3,3.3,8.4,34.55,3,5,60,29,0,4,3.8,0.3,9
,DEN,WR,8,1.7,19.2,47.06,4,10,40,27,0,1,1.3,-0.4,9
,NYG,TE,6.9,3.8,6.6,20.87,3,6,50,27,1,6.7,7.9,-1.3,9
,LV,TE,5.9,2.7,6.9,29.36,3,7,42.86,26,0,6.5,5.5,1,9
,HOU,WR,5.1,1.7,7.9,19.49,4,8,50,26,0,0.2,0.7,-0.5,9
,IND,TE,3.8,4,1.9,3.32,5,7,71.43,26,0,3.5,5.1,-1.7,9
,JAX,WR,5.2,3,11.9,29.53,3,7,42.86,25,0,1.6,2.5,-0.8,9
,PIT,TE,4.5,4.8,3.8,19.67,3,5,60,25,0,7.6,5.8,1.7,9
,KC,WR,7,2.6,17.7,29.65,3,7,42.86,23,0,1.6,2.2,-0.6,9
,LV,WR,6.5,3.3,5.5,19.89,4,6,66.67,23,0,3,1.8,1.2,9
Jaxon Smith-Njigba,,,,,,,,,,,,,,,9
Brock Bowers,,,,,,,,,,,,,,,9
Tee Higgins,,,,,,,,,,,,,,,9
Colston Loveland,,,,,,,,,,,,,,,9
Drake London,,,,,,,,,,,,,,,9
Alec Pierce,,,,,,,,,,,,,,,9
Michael Pittman,,,,,,,,,,,,,,,9
Ja'Marr Chase,,,,,,,,,,,,,,,9
Dalton Kincaid,,,,,,,,,,,,,,,9
DeMario Douglas,,,,,,,,,,,,,,,9
Sam LaPorta,,,,,,,,,,,,,,,9
Amon-Ra St. Brown,,,,,,,,,,,,,,,9
Marvin Harrison Jr.,,,,,,,,,,,,,,,9
Puka Nacua,,,,,,,,,,,,,,,9
Romeo Doubs,,,,,,,,,,,,,,,9
Parker Washington,,,,,,,,,,,,,,,9
CeeDee Lamb,,,,,,,,,,,,,,,9
Jaylen Waddle,,,,,,,,,,,,,,,9
Rashee Rice,,,,,,,,,,,,,,,9
George Pickens,,,,,,,,,,,,,,,9
Dalton Schultz,,,,,,,,,,,,,,,9
Nico Collins,,,,,,,,,,,,,,,9
DJ Moore,,,,,,,,,,,,,,,9
Rashid Shaheed,,,,,,,,,,,,,,,9
Oronde Gadsden II,,,,,,,,,,,,,,,9
Jameson Williams,,,,,,,,,,,,,,,9
Andrei Iosivas,,,,,,,,,,,,,,,9
Travis Kelce,,,,,,,,,,,,,,,9
Zay Flowers,,,,,,,,,,,,,,,9
Darius Slayton,,,,,,,,,,,,,,,9
Davante Adams,,,,,,,,,,,,,,,9
Olamide Zaccheaus,,,,,,,,,,,,,,,9
Ladd McConkey,,,,,,,,,,,,,,,9
Calvin Austin III,,,,,,,,,,,,,,,9
Trey McBride,,,,,,,,,,,,,,,9
Brian Thomas Jr.,,,,,,,,,,,,,,,9
Quentin Johnston,,,,,,,,,,,,,,,9
Hunter Henry,,,,,,,,,,,,,,,9
Josh Downs,,,,,,,,,,,,,,,9
Jake Ferguson,,,,,,,,,,,,,,,9
Greg Dulcich,,,,,,,,,,,,,,,9
Justin Jefferson,,,,,,,,,,,,,,,9
Wan'Dale Robinson,,,,,,,,,,,,,,,9
Elic Ayomanor,,,,,,,,,,,,,,,9
Tetairoa McMillan,,,,,,,,,,,,,,,9
Khalil Shakir,,,,,,,,,,,,,,,9
Darnell Washington,,,,,,,,,,,,,,,9
Keenan Allen,,,,,,,,,,,,,,,9
Deebo Samuel Sr.,,,,,,,,,,,,,,,9
Jauan Jennings,,,,,,,,,,,,,,,9
Kyle Pitts,,,,,,,,,,,,,,,9
Xavier Hutchinson,,,,,,,,,,,,,,,9
Courtland Sutton,,,,,,,,,,,,,,,9
Jaylin Lane,,,,,,,,,,,,,,,9
Troy Franklin,,,,,,,,,,,,,,,9
Theo Johnson,,,,,,,,,,,,,,,9
Michael Mayer,,,,,,,,,,,,,,,9
Christian Kirk,,,,,,,,,,,,,,,9
Tyler Warren,,,,,,,,,,,,,,,9
Dyami Brown,,,,,,,,,,,,,,,9
Jonnu Smith,,,,,,,,,,,,,,,9
Xavier Worthy,,,,,,,,,,,,,,,9
Jakobi Meyers,,,,,,,,,,,,,,,9
,HOU,WR,5.1,1.6,13.9,47.16,7,15,46.67,136,0,3.5,2.2,1.3,10
,AZ,TE,4,4,7.7,28.75,9,13,69.23,127,1,6.7,5.6,1.1,10
,MIN,WR,4,2.5,17.4,21.64,5,6,83.33,124,1,8.8,2.9,5.9,10
,DET,WR,5.7,4.1,10.6,39.02,6,7,85.71,119,1,9.3,5.6,3.7,10
,TB,WR,6.2,2.5,10.5,48.75,6,13,46.15,115,1,6.9,4.4,2.5,10
,LAC,WR,4.7,2.2,11.3,41.92,4,6,66.67,107,1,16.7,5.4,11.2,10
,NE,WR,7.6,1.9,15.3,44.11,6,10,60,106,0,2.5,2.6,-0.1,10
,ATL,WR,7.9,4.1,11.6,30.86,6,8,75,104,1,4.8,4.5,0.3,10
,NO,WR,6.6,1.9,18,54.58,5,8,62.5,104,1,5.5,6.1,-0.7,10
,IND,TE,4.1,3.1,4.6,21.41,8,10,80,99,0,8.6,6.3,2.4,10
,SEA,WR,7.3,2.3,15.7,79.48,5,6,83.33,93,1,2.8,2.5,0.3,10
,CHI,WR,6.1,3.6,14.9,42.6,6,10,60,86,1,5.3,4.3,0.9,10
,IND,WR,7,1.7,19.3,63.28,4,7,57.14,84,1,3.5,1.3,2.2,10
,MIA,WR,5.2,2.3,21.7,79.98,5,7,71.43,84,1,1.3,1.6,-0.2,10
,SF,TE,5.2,4.4,5.4,17.88,9,9,100,84,1,3.9,2.9,1,10
,TB,TE,6.8,3.2,3.7,15.76,9,12,75,82,0,5.9,5.8,0.1,10
,CLE,WR,4.4,2.7,9.6,56.47,6,12,50,78,1,4.8,6,-1.2,10
,LAR,WR,3.7,2.4,16,41.93,6,8,75,77,1,1.5,2.4,-0.9,10
,BAL,WR,8.7,4.9,3.7,16.16,4,6,66.67,75,0,10.9,6.6,4.3,10
,NYG,TE,4.2,2.7,8.8,26.62,7,8,87.5,75,0,2.9,4,-1,10
,SF,WR,4.8,2.1,10.5,34.62,6,9,66.67,71,1,1.7,1.7,0,10
,PHI,WR,7.9,2.8,11.5,44.76,4,7,57.14,69,1,3.1,3.4,-0.3,10
,LAR,WR,4.3,2.6,4.5,8.89,5,6,83.33,64,1,9.5,6.2,3.4,10
,NYG,WR,7.2,3.4,6.3,26.4,6,11,54.55,62,0,4.1,2.6,1.4,10
,CAR,WR,7.2,3.6,11.8,57.07,5,8,62.5,60,0,1.9,3,-1.2,10
,BUF,WR,6.8,3.1,6.7,16.13,7,9,77.78,58,0,1.7,3.4,-1.6,10
,DET,WR,6.3,4,7.1,29.91,5,8,62.5,58,1,8.8,9.8,-1,10
,WAS,TE,3.5,2.5,15.9,28.22,4,5,80,54,0,2.3,4.1,-1.8,10
,HOU,TE,7.1,2.1,8.7,21.53,7,11,63.64,53,1,2.6,3.3,-0.8,10
,DET,TE,5.4,3.2,4,10.46,5,5,100,53,0,6.6,6,0.6,10
,NE,WR,6.7,2.3,11.7,27.08,5,8,62.5,46,1,1.2,1.5,-0.3,10
,BUF,WR,4.6,1.9,20.5,43.7,3,8,37.5,46,1,3.9,2.3,1.6,10
,LV,WR,6.9,4.7,4.6,25.48,5,6,83.33,44,0,3.7,5.5,-1.8,10
,CLE,TE,6.5,1.9,6,20.74,4,7,57.14,44,0,2.3,2.4,-0.1,10
,PHI,TE,6.2,2.8,8.3,27.72,4,6,66.67,43,0,3.1,4.4,-1.3,10
,HOU,WR,8.2,2.6,13.8,21.81,5,7,71.43,42,1,1,2.1,-1,10
,TB,WR,6,2.1,13,23.1,4,5,80,42,2,1.5,1.7,-0.2,10
,LAC,WR,5.3,3.5,4.8,29.5,5,10,50,42,0,9.4,5.5,3.9,10
,LAR,TE,5.9,5.4,2.8,4.59,4,5,80,41,1,6.9,7.1,-0.2,10
,DEN,WR,6.5,3.2,14.5,60.04,5,9,55.56,40,1,4.5,5.8,-1.3,10
,GB,WR,5.6,1.9,9.4,24.89,4,8,50,38,0,0.7,0.7,-0.1,10
,ATL,TE,4.3,1.4,16.5,27.46,2,5,40,38,0,5.7,3.6,2.1,10
,MIN,WR,5.1,3.5,16.5,40.97,4,12,33.33,37,0,5.3,5.9,-0.5,10
,MIN,WR,8.3,2.6,14.8,33.77,3,11,27.27,35,0,4.4,2.7,1.7,10
,PIT,WR,4.5,2.1,13.8,44.81,3,7,42.86,35,0,4.2,3.2,0.9,10
,AZ,WR,7,2.3,5.4,10.83,4,7,57.14,34,0,3.2,2.4,0.8,10
,JAX,WR,4.1,2.5,10.3,40.8,3,7,42.86,33,1,2.6,2.5,0.1,10
,AZ,WR,3.6,1.8,13.2,45.61,3,12,25,33,1,1.9,1.8,0.2,10
,CAR,TE,3.8,4.1,3,9.03,5,5,100,32,0,3.4,4.4,-1,10
,WAS,WR,4.7,3.6,4.7,8.29,4,5,80,29,1,4.7,4.2,0.4,10
,LAC,WR,4.6,2,4.9,15.36,2,5,40,19,0,7.8,5.9,1.9,10
,ATL,WR,6.7,2.9,11.8,31.45,1,8,12.5,17,0,4.1,6.7,-2.7,10
,PIT,WR,5.9,2.8,9.7,31.62,2,7,28.57,14,0,1.8,1.5,0.3,10
,BAL,TE,3.5,3,8,28.96,3,5,60,14,1,1.2,0.8,0.3,10
,LAC,TE,6.6,3.1,5.8,21.65,3,6,50,13,0,2.3,2.8,-0.6,10
,DEN,TE,6.7,5.8,6.7,15.34,2,5,40,12,0,3.9,4.5,-0.7,10
Nico Collins,,,,,,,,,,,,,,,10
Trey McBride,,,,,,,,,,,,,,,10
Jalen Nailor,,,,,,,,,,,,,,,10
Jameson Williams,,,,,,,,,,,,,,,10
Emeka Egbuka,,,,,,,,,,,,,,,10
Ladd McConkey,,,,,,,,,,,,,,,10
Mack Hollins,,,,,,,,,,,,,,,10
Drake London,,,,,,,,,,,,,,,10
Chris Olave,,,,,,,,,,,,,,,10
Tyler Warren,,,,,,,,,,,,,,,10
Jaxon Smith-Njigba,,,,,,,,,,,,,,,10
Rome Odunze,,,,,,,,,,,,,,,10
Alec Pierce,,,,,,,,,,,,,,,10
Jaylen Waddle,,,,,,,,,,,,,,,10
George Kittle,,,,,,,,,,,,,,,10
Cade Otton,,,,,,,,,,,,,,,10
Jerry Jeudy,,,,,,,,,,,,,,,10
Davante Adams,,,,,,,,,,,,,,,10
Zay Flowers,,,,,,,,,,,,,,,10
Theo Johnson,,,,,,,,,,,,,,,10
Jauan Jennings,,,,,,,,,,,,,,,10
DeVonta Smith,,,,,,,,,,,,,,,10
Puka Nacua,,,,,,,,,,,,,,,10
Wan'Dale Robinson,,,,,,,,,,,,,,,10
Tetairoa McMillan,,,,,,,,,,,,,,,10
Khalil Shakir,,,,,,,,,,,,,,,10
Amon-Ra St. Brown,,,,,,,,,,,,,,,10
Zach Ertz,,,,,,,,,,,,,,,10
Dalton Schultz,,,,,,,,,,,,,,,10
Sam LaPorta,,,,,,,,,,,,,,,10
Stefon Diggs,,,,,,,,,,,,,,,10
Keon Coleman,,,,,,,,,,,,,,,10
Tyler Lockett,,,,,,,,,,,,,,,10
Harold Fannin Jr.,,,,,,,,,,,,,,,10
Dallas Goedert,,,,,,,,,,,,,,,10
Jayden Higgins,,,,,,,,,,,,,,,10
Tez Johnson,,,,,,,,,,,,,,,10
Quentin Johnston,,,,,,,,,,,,,,,10
Colby Parkinson,,,,,,,,,,,,,,,10
Troy Franklin,,,,,,,,,,,,,,,10
Dontayvion Wicks,,,,,,,,,,,,,,,10
Kyle Pitts,,,,,,,,,,,,,,,10
Justin Jefferson,,,,,,,,,,,,,,,10
Jordan Addison,,,,,,,,,,,,,,,10
DK Metcalf,,,,,,,,,,,,,,,10
Michael Wilson,,,,,,,,,,,,,,,10
Parker Washington,,,,,,,,,,,,,,,10
Marvin Harrison Jr.,,,,,,,,,,,,,,,10
Ja'Tavion Sanders,,,,,,,,,,,,,,,10
Deebo Samuel Sr.,,,,,,,,,,,,,,,10
Keenan Allen,,,,,,,,,,,,,,,10
Darnell Mooney,,,,,,,,,,,,,,,10
Calvin Austin III,,,,,,,,,,,,,,,10
Mark Andrews,,,,,,,,,,,,,,,10
Oronde Gadsden II,,,,,,,,,,,,,,,10
Evan Engram,,,,,,,,,,,,,,,10
,AZ,WR,7.2,3.4,12.5,61.91,15,18,83.33,185,0,2.8,3.2,-0.3,11
,DAL,WR,3.7,2.8,12,61.11,9,11,81.82,144,1,8.7,3,5.7,11
,CAR,WR,6.5,3.2,12,47.27,8,12,66.67,130,2,6.1,5.3,0.9,11
,ATL,WR,5.6,3.1,9.7,37.1,7,9,77.78,119,0,7.9,7.5,0.4,11
,AZ,TE,6.2,3.1,6.5,19.55,10,11,90.91,115,1,4.8,2.2,2.5,11
,SEA,WR,6.8,2.8,10.2,33.71,9,12,75,105,0,3.1,3,0.1,11
,NE,WR,4.5,3.8,9.1,27.79,9,11,81.82,105,0,3.7,4.7,-1,11
,HOU,WR,4.2,2.1,11,32.11,9,10,90,92,1,0.9,1.7,-0.8,11
,KC,TE,4.8,3,4.5,19.68,9,13,69.23,91,1,7.4,6.8,0.6,11
,BUF,WR,6.6,6,18,28.08,4,5,80,90,1,4.4,6,-1.6,11
,DET,WR,4.3,2.6,11.5,32.04,4,7,57.14,88,1,9.8,7.9,1.9,11
,DEN,WR,3.7,1.8,23,58,4,8,50,84,0,6.1,3.9,2.1,11
,CAR,WR,5.8,2.1,12.6,33.02,4,8,50,83,1,6.5,5.5,1,11
,DEN,WR,6.8,2.4,9.2,17.32,5,6,83.33,82,0,7,5.5,1.5,11
,BAL,WR,6.7,4.7,11.7,29.53,3,5,60,78,0,9.3,6.7,2.6,11
,LAR,WR,4.8,2.5,7.1,38.86,7,8,87.5,75,0,3.8,2.7,1.1,11
,WAS,WR,6.3,3.3,2.8,10.58,7,8,87.5,74,1,8,6.3,1.7,11
,LV,TE,6.8,3.1,8.9,51.9,7,12,58.33,72,0,1.8,2.2,-0.4,11
,SEA,TE,5.1,4.6,3,9.1,10,11,90.91,70,0,3.9,4.1,-0.2,11
,PIT,TE,5.9,6.1,2.5,10.36,4,5,80,67,0,14.6,6.9,7.7,11
,SF,TE,4.5,4.3,7.9,23.76,6,6,100,67,2,4.6,4.8,-0.3,11
,AZ,WR,6.6,5.9,5.3,8.78,6,6,100,66,1,6.6,2.9,3.7,11
,DAL,WR,6,3.9,9,29.15,5,7,71.43,66,1,3.2,2.4,0.7,11
,JAX,WR,8,4,9.6,28.98,5,6,83.33,64,0,4.8,3.7,1,11
,NE,WR,6,5.6,18.9,26.31,4,5,80,64,0,3.7,4.1,-0.5,11
,CIN,WR,6.4,2.2,15.5,44.47,3,8,37.5,63,1,4.7,3.1,1.6,11
,MIN,WR,4.8,3.5,8.5,25.62,5,9,55.56,61,0,6.3,4.5,1.8,11
,DEN,WR,4,2.5,9.8,24.59,4,8,50,59,0,2.4,3.5,-1.1,11
,NYG,WR,7.1,2.7,9.5,26.16,5,6,83.33,57,0,1.9,2.2,-0.2,11
,HOU,WR,6.4,1.9,14.4,29.31,4,7,57.14,55,0,2,2.2,-0.3,11
,SF,WR,7.5,2.2,11.2,33.8,4,6,66.67,54,0,1.8,2.9,-1.1,11
,TB,WR,5.1,3.9,10.7,26.65,4,5,80,54,0,0.7,3.3,-2.6,11
,LAC,WR,9.9,3.4,8.8,26.02,4,6,66.67,53,0,3.1,3.5,-0.5,11
,GB,WR,6.8,2.4,11.6,29.51,4,8,50,53,0,4.5,5,-0.5,11
,MIA,WR,9.1,3.1,13.2,73.91,3,7,42.86,52,0,7,2.5,4.5,11
,HOU,TE,3.3,3.4,6.3,16.38,6,9,66.67,51,0,3.7,4.7,-0.9,11
,PIT,WR,4.9,4,10.2,68.31,5,8,62.5,49,0,5.2,4.1,1,11
,PHI,WR,4.2,1.8,10.5,33.8,7,11,63.64,49,0,1.5,1.8,-0.4,11
,LV,WR,8.8,4,9.2,35.83,4,8,50,47,1,6.4,6.2,0.2,11
,GB,WR,3.9,0.8,16.9,27.03,4,5,80,46,2,0.5,0.3,0.2,11
,NE,TE,4.5,1.8,7.4,12.29,4,6,66.67,45,0,6.1,9.7,-3.6,11
,CHI,TE,3,5.8,2.7,4.5,5,5,100,45,0,6.3,4.4,1.8,11
,DET,WR,7.5,2.1,11.9,56.93,2,12,16.67,42,0,9.4,8.9,0.5,11
,HOU,WR,5.8,2.5,11.8,17.22,3,5,60,42,0,4.2,4.2,0,11
,WAS,TE,5.1,2.1,10.5,39.55,4,8,50,42,0,2.1,4.8,-2.7,11
,CHI,WR,6.1,2.1,21.6,42.81,2,6,33.33,41,0,7.2,1.8,5.3,11
,LAC,TE,4.5,2.5,11.1,27.38,2,5,40,41,0,6.7,5.4,1.2,11
,TB,WR,7.4,3.1,5.2,23.08,5,9,55.56,40,0,5.1,5.2,-0.1,11
,MIN,TE,7.1,3.5,6.3,12.71,3,6,50,39,0,11,12.1,-1.1,11
,KC,WR,6.8,2.6,4.4,13.25,6,9,66.67,38,0,6.2,6.4,-0.1,11
,NYG,WR,7.6,1.8,7.5,31.13,4,9,44.44,36,0,1.2,1.1,0.1,11
,CIN,TE,3.4,6.1,1.8,3.95,5,6,83.33,36,0,5.5,3.8,1.7,11
,ATL,WR,6.7,2.4,14.9,44.47,3,7,42.86,34,0,0.5,2,-1.5,11
,DEN,TE,6.8,6.6,0.7,1.09,4,5,80,33,0,8.9,11.3,-2.4,11
,BAL,TE,3.2,1.8,7.9,20,3,5,60,32,0,4.1,3.1,1,11
,CIN,WR,4.7,2.2,11.2,40.12,3,10,30,30,0,5.6,3.3,2.3,11
,TEN,TE,5.9,2.7,4.2,8.14,4,5,80,29,0,3,2.3,0.7,11
,WAS,WR,5.3,2.1,17.9,41.95,2,5,40,28,0,5.7,2.2,3.5,11
,TB,TE,3.4,1.5,7.7,19.19,2,5,40,28,0,4.1,2.4,1.7,11
,CHI,WR,6.8,3.2,7.2,11.84,3,5,60,27,0,6.1,6.7,-0.5,11
,SEA,WR,4.7,2.5,16.2,22.31,2,5,40,27,0,0.9,2.3,-1.4,11
,CLE,TE,5.3,1.8,7.3,19.73,2,5,40,26,0,2.4,1.5,0.9,11
,KC,WR,6,3.7,12.5,21.08,3,5,60,25,0,5.7,6.5,-0.8,11
,PHI,TE,4.2,1.9,7.9,11.53,2,5,40,24,0,7.9,4.6,3.2,11
,NYJ,TE,7.7,2.6,3.5,8.89,4,5,80,23,0,2.5,2.4,0.1,11
,SEA,WR,3.7,1.4,12.1,23.4,3,7,42.86,23,0,1.3,1.4,-0.1,11
,TEN,WR,6.1,1.5,9.2,24.95,3,7,42.86,22,1,0.8,1.2,-0.4,11
,CLE,WR,6,2.6,7.4,28.03,3,7,42.86,21,0,3.2,1.9,1.3,11
,MIN,WR,8.5,2.2,20.9,49.03,2,7,28.57,20,1,-0.3,0.2,-0.5,11
,BUF,WR,3,2.7,6.2,9.69,2,5,40,17,0,3.4,3.5,-0.1,11
,DAL,TE,4.8,5.1,-1.5,-3.36,4,5,80,16,1,4,4.6,-0.6,11
,TEN,WR,4.9,4.3,11.8,27.57,2,6,33.33,11,0,3.9,3.1,0.8,11
,NYJ,WR,3,2.5,16.2,49.6,1,6,16.67,10,0,3.5,6.4,-2.9,11
,DET,TE,3.9,3,2.1,5.78,2,7,28.57,8,0,4.8,4.1,0.7,11
,PHI,WR,3.3,1.4,17.8,26.14,1,5,20,8,0,1.3,0.8,0.6,11
,LAR,WR,2.9,1.8,9.2,50.23,1,8,12.5,1,1,--,--,--,11
Michael Wilson,,,,,,,,,,,,,,,11
George Pickens,,,,,,,,,,,,,,,11
Tetairoa McMillan,,,,,,,,,,,,,,,11
Drake London,,,,,,,,,,,,,,,11
Trey McBride,,,,,,,,,,,,,,,11
Jaxon Smith-Njigba,,,,,,,,,,,,,,,11
Stefon Diggs,,,,,,,,,,,,,,,11
Nico Collins,,,,,,,,,,,,,,,11
Travis Kelce,,,,,,,,,,,,,,,11
Tyrell Shavers,,,,,,,,,,,,,,,11
Jameson Williams,,,,,,,,,,,,,,,11
Troy Franklin,,,,,,,,,,,,,,,11
Xavier Legette,,,,,,,,,,,,,,,11
Pat Bryant,,,,,,,,,,,,,,,11
Zay Flowers,,,,,,,,,,,,,,,11
Puka Nacua,,,,,,,,,,,,,,,11
Deebo Samuel Sr.,,,,,,,,,,,,,,,11
Brock Bowers,,,,,,,,,,,,,,,11
AJ Barner,,,,,,,,,,,,,,,11
Darnell Washington,,,,,,,,,,,,,,,11
George Kittle,,,,,,,,,,,,,,,11
Greg Dortch,,,,,,,,,,,,,,,11
CeeDee Lamb,,,,,,,,,,,,,,,11
Jakobi Meyers,,,,,,,,,,,,,,,11
Mack Hollins,,,,,,,,,,,,,,,11
Tee Higgins,,,,,,,,,,,,,,,11
Justin Jefferson,,,,,,,,,,,,,,,11
Courtland Sutton,,,,,,,,,,,,,,,11
Isaiah Hodgins,,,,,,,,,,,,,,,11
Jayden Higgins,,,,,,,,,,,,,,,11
Jauan Jennings,,,,,,,,,,,,,,,11
Sterling Shepard,,,,,,,,,,,,,,,11
Keenan Allen,,,,,,,,,,,,,,,11
Romeo Doubs,,,,,,,,,,,,,,,11
Jaylen Waddle,,,,,,,,,,,,,,,11
Dalton Schultz,,,,,,,,,,,,,,,11
DK Metcalf,,,,,,,,,,,,,,,11
A.J. Brown,,,,,,,,,,,,,,,11
Tre Tucker,,,,,,,,,,,,,,,11
Christian Watson,,,,,,,,,,,,,,,11
Hunter Henry,,,,,,,,,,,,,,,11
Cole Kmet,,,,,,,,,,,,,,,11
Amon-Ra St. Brown,,,,,,,,,,,,,,,11
Xavier Hutchinson,,,,,,,,,,,,,,,11
Zach Ertz,,,,,,,,,,,,,,,11
Rome Odunze,,,,,,,,,,,,,,,11
Oronde Gadsden II,,,,,,,,,,,,,,,11
Emeka Egbuka,,,,,,,,,,,,,,,11
T.J. Hockenson,,,,,,,,,,,,,,,11
Rashee Rice,,,,,,,,,,,,,,,11
Wan'Dale Robinson,,,,,,,,,,,,,,,11
Noah Fant,,,,,,,,,,,,,,,11
Darnell Mooney,,,,,,,,,,,,,,,11
Evan Engram,,,,,,,,,,,,,,,11
Mark Andrews,,,,,,,,,,,,,,,11
Ja'Marr Chase,,,,,,,,,,,,,,,11
Gunnar Helm,,,,,,,,,,,,,,,11
Chris Moore,,,,,,,,,,,,,,,11
Cade Otton,,,,,,,,,,,,,,,11
Luther Burden III,,,,,,,,,,,,,,,11
Rashid Shaheed,,,,,,,,,,,,,,,11
Harold Fannin Jr.,,,,,,,,,,,,,,,11
Xavier Worthy,,,,,,,,,,,,,,,11
Dallas Goedert,,,,,,,,,,,,,,,11
Jeremy Ruckert,,,,,,,,,,,,,,,11
Cooper Kupp,,,,,,,,,,,,,,,11
Van Jefferson,,,,,,,,,,,,,,,11
Jerry Jeudy,,,,,,,,,,,,,,,11
Jordan Addison,,,,,,,,,,,,,,,11
Josh Palmer,,,,,,,,,,,,,,,11
Jake Ferguson,,,,,,,,,,,,,,,11
Elic Ayomanor,,,,,,,,,,,,,,,11
Adonai Mitchell,,,,,,,,,,,,,,,11
Brock Wright,,,,,,,,,,,,,,,11
DeVonta Smith,,,,,,,,,,,,,,,11
Davante Adams,,,,,,,,,,,,,,,11
,BUF,WR,8.4,4.5,1.7,10.49,8,10,80,77,0,8.4,5.3,3.1,12
,HOU,WR,4.5,3.3,3.8,10.26,5,6,83.33,54,1,8.7,7.6,1,12
,HOU,WR,4.6,2.5,12.6,50.43,4,9,44.44,38,1,-0.4,0.3,-0.7,12
Khalil Shakir,,,,,,,,,,,,,,,12
Christian Kirk,,,,,,,,,,,,,,,12
Jayden Higgins,,,,,,,,,,,,,,,12
,,,--,--,--,--,,,--,,,--,--,--,13
No Results,,,,,,,,,,,,,,,13
,,,--,--,--,--,,,--,,,--,--,--,14
No Results,,,,,,,,,,,,,,,14
,,,--,--,--,--,,,--,,,--,--,--,15
No Results,,,,,,,,,,,,,,,15
,,,--,--,--,--,,,--,,,--,--,--,16
No Results,,,,,,,,,,,,,,,16
,,,--,--,--,--,,,--,,,--,--,--,17
No Results,,,,,,,,,,,,,,,17
